<powerpagecomponent powerpagecomponentid="a7bc19a8-ebfa-ee11-9f89-0022486d9037">
  <content>{
  "value": "Dashboard",
  "display_name": "Dashboard Site name",
  "type": 756150000
}</content>
  <iscustomizable>1</iscustomizable>
  <name>Dashboard Site name</name>
  <powerpagecomponenttype>7</powerpagecomponenttype>
  <powerpagesiteid>
    <powerpagesiteid>837d24e8-7fdd-4eb8-90e4-1a89137ed881</powerpagesiteid>
  </powerpagesiteid>
  <powerpagesitelanguageid>
    <powerpagesitelanguageid>101f264f-e5b7-4212-aba6-4465d9bb3701</powerpagesitelanguageid>
  </powerpagesitelanguageid>
  <statecode>0</statecode>
  <statuscode>1</statuscode>
</powerpagecomponent>