<powerpagecomponent powerpagecomponentid="6716c1c8-38c6-46d6-8d5b-9ff1cf87bb92">
  <content>{"displayorder":2,"enabletracking":false,"excludefromsearch":true,"hiddenfromsitemap":false,"parentpageid":"bb799056-69d8-4584-9118-f2467f0f6234","partialurl":"theme.css","publishingstateid":"6d114fc2-bbff-41a0-93e2-7e00f73b1531"}</content>
  <filecontent mimetype="application/octet-stream">theme.css</filecontent>
  <iscustomizable>1</iscustomizable>
  <name>theme.css</name>
  <powerpagecomponenttype>3</powerpagecomponenttype>
  <powerpagesiteid>
    <powerpagesiteid>74d98b9e-9df8-4a46-87f0-afb16d25e531</powerpagesiteid>
  </powerpagesiteid>
  <statecode>0</statecode>
  <statuscode>1</statuscode>
</powerpagecomponent>