<powerpagecomponent powerpagecomponentid="fbb62504-338f-f84b-80d0-1c7e7ec74029">
  <content>{
  "filecontent": null,
  "displayorder": 3,
  "weblinksetid": "5a91a124-5209-46c6-a0c2-6eec17bd1dd2",
  "pageid": "c66db3e2-756a-c59d-55e0-fe0b205ec037",
  "publishingstateid": "6d114fc2-bbff-41a0-93e2-7e00f73b1531",
  "displaypagevalidation": false,
  "displayimageonly": false,
  "displaypagechildlinks": false,
  "openinnewwindow": false,
  "robotsfollowlink": true
}</content>
  <iscustomizable>1</iscustomizable>
  <name>Font Awesome</name>
  <powerpagecomponenttype>5</powerpagecomponenttype>
  <powerpagesiteid>
    <powerpagesiteid>74d98b9e-9df8-4a46-87f0-afb16d25e531</powerpagesiteid>
  </powerpagesiteid>
  <statecode>0</statecode>
  <statuscode>1</statuscode>
</powerpagecomponent>