<powerpagecomponent powerpagecomponentid="f409147c-5cfb-ee11-9f89-0022486d9037">
  <content>{
  "value": "msppp_notificationid,msppp_category,msppp_description,msppp_externalpageurl,msppp_recordid,msppp_summary,msppp_title,statecode,statuscode,createdon,modifiedon"
}</content>
  <iscustomizable>1</iscustomizable>
  <name>Webapi/msppp_notification/fields</name>
  <powerpagecomponenttype>9</powerpagecomponenttype>
  <powerpagesiteid>
    <powerpagesiteid>837d24e8-7fdd-4eb8-90e4-1a89137ed881</powerpagesiteid>
  </powerpagesiteid>
  <statecode>0</statecode>
  <statuscode>1</statuscode>
</powerpagecomponent>