<powerpagecomponent powerpagecomponentid="3ea9ba4d-27c2-ee11-9079-000d3a0a1cb3">
  <content>{
  "partialurl": "Xrm.Portal.js",
  "excludefromsearch": false,
  "hiddenfromsitemap": false,
  "contentdisposition": 756150000,
  "publishingstateid": "6d114fc2-bbff-41a0-93e2-7e00f73b1531",
  "parentpageid": "bb799056-69d8-4584-9118-f2467f0f6234"
}</content>
  <filecontent mimetype="text/plain">Xrm.Portal.txt</filecontent>
  <iscustomizable>1</iscustomizable>
  <name>Xrm.Portal.js</name>
  <powerpagecomponenttype>3</powerpagecomponenttype>
  <powerpagesiteid>
    <powerpagesiteid>74d98b9e-9df8-4a46-87f0-afb16d25e531</powerpagesiteid>
  </powerpagesiteid>
  <statecode>0</statecode>
  <statuscode>1</statuscode>
</powerpagecomponent>