<powerpagecomponent powerpagecomponentid="b47bc93a-004e-4b48-a828-4e80b656567a">
  <content>{"enablerating":false,"enabletracking":false,"excludefromsearch":false,"hiddenfromsitemap":true,"isroot":true,"pagetemplateid":"f4786197-5b73-4ce7-a1e1-6d3f3254e43a","parentpageid":"e740e969-cb91-4888-81ed-1a289bc99048","partialurl":"profile","publishingstateid":"223b296f-4977-4774-924c-19e26a31cacc","sharedpageconfiguration":false,"title":"Profile"}</content>
  <iscustomizable>1</iscustomizable>
  <name>Profile</name>
  <powerpagecomponenttype>2</powerpagecomponenttype>
  <powerpagesiteid>
    <powerpagesiteid>8ff28ff6-80b7-4da9-a1f5-bba77dca87e6</powerpagesiteid>
  </powerpagesiteid>
  <searchcontent>ProfileProfile</searchcontent>
  <statecode>0</statecode>
  <statuscode>1</statuscode>
</powerpagecomponent>