<powerpagecomponent powerpagecomponentid="2b702dd6-e5d0-ee11-904c-000d3a0a0ba3">
  <content>{
  "contentdisposition": 756150000,
  "excludefromsearch": false,
  "hiddenfromsitemap": false,
  "parentpageid": "9f83f7a2-22f5-4649-a269-74a699a16001",
  "partialurl": "sb-admin-2.min.js",
  "publishingstateid": "b2990ee5-9cfa-4b2d-8a89-22cdf57d8f33"
}</content>
  <filecontent mimetype="application/octet-stream">sb-admin-2.min.txt</filecontent>
  <iscustomizable>1</iscustomizable>
  <name>sb-admin-2.min.js</name>
  <powerpagecomponenttype>3</powerpagecomponenttype>
  <powerpagesiteid>
    <powerpagesiteid>837d24e8-7fdd-4eb8-90e4-1a89137ed881</powerpagesiteid>
  </powerpagesiteid>
  <statecode>0</statecode>
  <statuscode>1</statuscode>
</powerpagecomponent>