<powerpagecomponent powerpagecomponentid="4290f24c-025b-4c30-91c8-a77211e19eff">
  <content>{"displayorder":2,"enabletracking":false,"excludefromsearch":true,"hiddenfromsitemap":false,"parentpageid":"9f83f7a2-22f5-4649-a269-74a699a16001","partialurl":"theme.css","publishingstateid":"b2990ee5-9cfa-4b2d-8a89-22cdf57d8f33"}</content>
  <filecontent mimetype="application/octet-stream">theme.css</filecontent>
  <iscustomizable>1</iscustomizable>
  <name>theme.css</name>
  <powerpagecomponenttype>3</powerpagecomponenttype>
  <powerpagesiteid>
    <powerpagesiteid>837d24e8-7fdd-4eb8-90e4-1a89137ed881</powerpagesiteid>
  </powerpagesiteid>
  <statecode>0</statecode>
  <statuscode>1</statuscode>
</powerpagecomponent>