<powerpagecomponent powerpagecomponentid="c9dfe550-5bc3-4b39-8231-89612029ddc3">
  <content>{"disablepagevalidation":false,"displayimageonly":false,"displayorder":1,"displaypagechildlinks":false,"openinnewwindow":false,"pageid":"7f7e7393-c041-4823-8acd-2f78f470340f","publishingstateid":"a259ce53-d63f-4da8-958d-f3581d35dbb5","robotsfollowlink":true,"weblinksetid":"e5f1c2fb-5d6e-49c2-b6c8-5051704f9868"}</content>
  <iscustomizable>1</iscustomizable>
  <name>Profile</name>
  <powerpagecomponenttype>5</powerpagecomponenttype>
  <powerpagesiteid>
    <powerpagesiteid>5107f9ea-7583-45b0-acff-ca5ebb48b93e</powerpagesiteid>
  </powerpagesiteid>
  <statecode>0</statecode>
  <statuscode>1</statuscode>
</powerpagecomponent>