<powerpagecomponent powerpagecomponentid="83f34fc8-abe8-4ac7-be19-bd407cd36fe6">
  <content>{
  "description": "This is the default studio template. Please do not modify.",
  "type": 756150001,
  "usewebsiteheaderandfooter": true,
  "webtemplateid": "d8d778aa-b002-4fd8-8def-7fbc256d11a1",
  "isdefault": false
}</content>
  <iscustomizable>1</iscustomizable>
  <name>AI Search PageTemplate</name>
  <powerpagecomponenttype>6</powerpagecomponenttype>
  <powerpagesiteid>
    <powerpagesiteid>5107f9ea-7583-45b0-acff-ca5ebb48b93e</powerpagesiteid>
  </powerpagesiteid>
  <statecode>0</statecode>
  <statuscode>1</statuscode>
</powerpagecomponent>