<powerpagecomponent powerpagecomponentid="bd52ee71-5dcc-47b8-a619-f095c882f148">
  <content>{"enablerating":false,"enabletracking":false,"excludefromsearch":false,"hiddenfromsitemap":true,"isroot":false,"pagetemplateid":"61200cb1-c025-4a86-823c-2256b830b7ec","parentpageid":"8834415b-87ed-4c58-87e4-64597db26e99","partialurl":"search","publishingstateid":"a259ce53-d63f-4da8-958d-f3581d35dbb5","rootwebpageid":"f9281551-78dd-449f-a19c-c41509d7e173","sharedpageconfiguration":false}</content>
  <iscustomizable>1</iscustomizable>
  <name>Search</name>
  <powerpagecomponenttype>2</powerpagecomponenttype>
  <powerpagesiteid>
    <powerpagesiteid>5107f9ea-7583-45b0-acff-ca5ebb48b93e</powerpagesiteid>
  </powerpagesiteid>
  <powerpagesitelanguageid>
    <powerpagesitelanguageid>8fd9634f-9a4a-45b1-84b8-5f5217c251de</powerpagesitelanguageid>
  </powerpagesitelanguageid>
  <searchcontent>Search</searchcontent>
  <statecode>0</statecode>
  <statuscode>1</statuscode>
</powerpagecomponent>