<powerpagecomponent powerpagecomponentid="c8f5ea8c-2f91-4a5d-b138-41f5d64d5dc7">
  <content>{"contentdisposition":756150000,"enabletracking":false,"excludefromsearch":false,"hiddenfromsitemap":false,"parentpageid":"a03f4c85-2cfa-457b-926b-0efa463774e9","partialurl":"sub1.png","publishingstateid":"1363c145-fb5a-4fe8-aef1-6c9197cb44ed"}</content>
  <filecontent mimetype="application/octet-stream">sub1.png</filecontent>
  <iscustomizable>1</iscustomizable>
  <name>sub1.png</name>
  <powerpagecomponenttype>3</powerpagecomponenttype>
  <powerpagesiteid>
    <powerpagesiteid>7a7af223-c485-4e81-ab63-e7992354648d</powerpagesiteid>
  </powerpagesiteid>
  <statecode>0</statecode>
  <statuscode>1</statuscode>
</powerpagecomponent>