<powerpagecomponent powerpagecomponentid="3eda2d21-0ffc-435b-82b3-1b2d47551319">
  <content>{"enablerating":false,"enabletracking":false,"excludefromsearch":true,"hiddenfromsitemap":true,"isroot":true,"pagetemplateid":"8629f982-0878-47e2-a2ab-330b3d7d127e","parentpageid":"8834415b-87ed-4c58-87e4-64597db26e99","partialurl":"access-denied","publishingstateid":"a259ce53-d63f-4da8-958d-f3581d35dbb5","sharedpageconfiguration":false}</content>
  <iscustomizable>1</iscustomizable>
  <name>Access Denied</name>
  <powerpagecomponenttype>2</powerpagecomponenttype>
  <powerpagesiteid>
    <powerpagesiteid>5107f9ea-7583-45b0-acff-ca5ebb48b93e</powerpagesiteid>
  </powerpagesiteid>
  <searchcontent>Access Denied</searchcontent>
  <statecode>0</statecode>
  <statuscode>1</statuscode>
</powerpagecomponent>