<powerpagecomponent powerpagecomponentid="19677e1a-fdc2-789d-353d-6da197120856">
  <content>{
  "copy": "&lt;div class=\"row\"&gt;\n\n  &lt;!-- Border Left Utilities --&gt;\n  &lt;div class=\"col-lg-6\"&gt;\n\n      &lt;div class=\"card mb-4 py-3 border-left-primary\"&gt;\n          &lt;div class=\"card-body\"&gt;\n              .border-left-primary\n          &lt;/div&gt;\n      &lt;/div&gt;\n\n      &lt;div class=\"card mb-4 py-3 border-left-secondary\"&gt;\n          &lt;div class=\"card-body\"&gt;\n              .border-left-secondary\n          &lt;/div&gt;\n      &lt;/div&gt;\n\n      &lt;div class=\"card mb-4 py-3 border-left-success\"&gt;\n          &lt;div class=\"card-body\"&gt;\n              .border-left-success\n          &lt;/div&gt;\n      &lt;/div&gt;\n\n      &lt;div class=\"card mb-4 py-3 border-left-info\"&gt;\n          &lt;div class=\"card-body\"&gt;\n              .border-left-info\n          &lt;/div&gt;\n      &lt;/div&gt;\n\n      &lt;div class=\"card mb-4 py-3 border-left-warning\"&gt;\n          &lt;div class=\"card-body\"&gt;\n              .border-left-warning\n          &lt;/div&gt;\n      &lt;/div&gt;\n\n      &lt;div class=\"card mb-4 py-3 border-left-danger\"&gt;\n          &lt;div class=\"card-body\"&gt;\n              .border-left-danger\n          &lt;/div&gt;\n      &lt;/div&gt;\n\n      &lt;div class=\"card mb-4 py-3 border-left-dark\"&gt;\n          &lt;div class=\"card-body\"&gt;\n              .border-left-dark\n          &lt;/div&gt;\n      &lt;/div&gt;\n\n  &lt;/div&gt;\n\n  &lt;!-- Border Bottom Utilities --&gt;\n  &lt;div class=\"col-lg-6\"&gt;\n\n      &lt;div class=\"card mb-4 py-3 border-bottom-primary\"&gt;\n          &lt;div class=\"card-body\"&gt;\n              .border-bottom-primary\n          &lt;/div&gt;\n      &lt;/div&gt;\n\n      &lt;div class=\"card mb-4 py-3 border-bottom-secondary\"&gt;\n          &lt;div class=\"card-body\"&gt;\n              .border-bottom-secondary\n          &lt;/div&gt;\n      &lt;/div&gt;\n\n      &lt;div class=\"card mb-4 py-3 border-bottom-success\"&gt;\n          &lt;div class=\"card-body\"&gt;\n              .border-bottom-success\n          &lt;/div&gt;\n      &lt;/div&gt;\n\n      &lt;div class=\"card mb-4 py-3 border-bottom-info\"&gt;\n          &lt;div class=\"card-body\"&gt;\n              .border-bottom-info\n          &lt;/div&gt;\n      &lt;/div&gt;\n\n      &lt;div class=\"card mb-4 py-3 border-bottom-warning\"&gt;\n          &lt;div class=\"card-body\"&gt;\n              .border-bottom-warning\n          &lt;/div&gt;\n      &lt;/div&gt;\n\n      &lt;div class=\"card mb-4 py-3 border-bottom-danger\"&gt;\n          &lt;div class=\"card-body\"&gt;\n              .border-bottom-danger\n          &lt;/div&gt;\n      &lt;/div&gt;\n\n      &lt;div class=\"card mb-4 py-3 border-bottom-dark\"&gt;\n          &lt;div class=\"card-body\"&gt;\n              .border-bottom-dark\n          &lt;/div&gt;\n      &lt;/div&gt;\n\n  &lt;/div&gt;\n\n&lt;/div&gt;\n\n&lt;div class=\"row sectionBlockLayout text-start\" style=\"min-height: auto; padding: 8px;\"&gt;\n    &lt;div class=\"container\" style=\"display: flex; flex-wrap: wrap;\"&gt;\n      &lt;div class=\"col-lg-12 columnBlockLayout\" style=\"padding: 16px; margin: 60px 0px; min-height: 200px;\"&gt;&lt;/div&gt;\n    &lt;/div&gt;\n  &lt;/div&gt;\n  ",
  "displayorder": 6,
  "enablerating": false,
  "enabletracking": false,
  "excludefromsearch": false,
  "hiddenfromsitemap": true,
  "isroot": false,
  "pagetemplateid": "733a5ff4-23d1-ee11-904c-000d3a0a0ba3",
  "parentpageid": "8767d10a-f954-ea97-7e0f-f93afe5870d4",
  "partialurl": "borders",
  "publishingstateid": "b2990ee5-9cfa-4b2d-8a89-22cdf57d8f33",
  "rootwebpageid": "fffe06ed-9c89-13dc-1487-a2fdbefad01e",
  "sharedpageconfiguration": false,
  "summary": "&lt;p&gt;This is a sample landing page designed to be a starting point for your website&lt;/p&gt;",
  "title": "Borders"
}</content>
  <iscustomizable>1</iscustomizable>
  <name>Borders</name>
  <powerpagecomponenttype>2</powerpagecomponenttype>
  <powerpagesiteid>
    <powerpagesiteid>837d24e8-7fdd-4eb8-90e4-1a89137ed881</powerpagesiteid>
  </powerpagesiteid>
  <powerpagesitelanguageid>
    <powerpagesitelanguageid>101f264f-e5b7-4212-aba6-4465d9bb3701</powerpagesitelanguageid>
  </powerpagesitelanguageid>
  <searchcontent>Borders&lt;div class="row"&gt;

  &lt;!-- Border Left Utilities --&gt;
  &lt;div class="col-lg-6"&gt;

      &lt;div class="card mb-4 py-3 border-left-primary"&gt;
          &lt;div class="card-body"&gt;
              .border-left-primary
          &lt;/div&gt;
      &lt;/div&gt;

      &lt;div class="card mb-4 py-3 border-left-secondary"&gt;
          &lt;div class="card-body"&gt;
              .border-left-secondary
          &lt;/div&gt;
      &lt;/div&gt;

      &lt;div class="card mb-4 py-3 border-left-success"&gt;
          &lt;div class="card-body"&gt;
              .border-left-success
          &lt;/div&gt;
      &lt;/div&gt;

      &lt;div class="card mb-4 py-3 border-left-info"&gt;
          &lt;div class="card-body"&gt;
              .border-left-info
          &lt;/div&gt;
      &lt;/div&gt;

      &lt;div class="card mb-4 py-3 border-left-warning"&gt;
          &lt;div class="card-body"&gt;
              .border-left-warning
          &lt;/div&gt;
      &lt;/div&gt;

      &lt;div class="card mb-4 py-3 border-left-danger"&gt;
          &lt;div class="card-body"&gt;
              .border-left-danger
          &lt;/div&gt;
      &lt;/div&gt;

      &lt;div class="card mb-4 py-3 border-left-dark"&gt;
          &lt;div class="card-body"&gt;
              .border-left-dark
          &lt;/div&gt;
      &lt;/div&gt;

  &lt;/div&gt;

  &lt;!-- Border Bottom Utilities --&gt;
  &lt;div class="col-lg-6"&gt;

      &lt;div class="card mb-4 py-3 border-bottom-primary"&gt;
          &lt;div class="card-body"&gt;
              .border-bottom-primary
          &lt;/div&gt;
      &lt;/div&gt;

      &lt;div class="card mb-4 py-3 border-bottom-secondary"&gt;
          &lt;div class="card-body"&gt;
              .border-bottom-secondary
          &lt;/div&gt;
      &lt;/div&gt;

      &lt;div class="card mb-4 py-3 border-bottom-success"&gt;
          &lt;div class="card-body"&gt;
              .border-bottom-success
          &lt;/div&gt;
      &lt;/div&gt;

      &lt;div class="card mb-4 py-3 border-bottom-info"&gt;
          &lt;div class="card-body"&gt;
              .border-bottom-info
          &lt;/div&gt;
      &lt;/div&gt;

      &lt;div class="card mb-4 py-3 border-bottom-warning"&gt;
          &lt;div class="card-body"&gt;
              .border-bottom-warning
          &lt;/div&gt;
      &lt;/div&gt;

      &lt;div class="card mb-4 py-3 border-bottom-danger"&gt;
          &lt;div class="card-body"&gt;
              .border-bottom-danger
          &lt;/div&gt;
      &lt;/div&gt;

      &lt;div class="card mb-4 py-3 border-bottom-dark"&gt;
          &lt;div class="card-body"&gt;
              .border-bottom-dark
          &lt;/div&gt;
      &lt;/div&gt;

  &lt;/div&gt;

&lt;/div&gt;

&lt;div class="row sectionBlockLayout text-start" style="min-height: auto; padding: 8px;"&gt;
    &lt;div class="container" style="display: flex; flex-wrap: wrap;"&gt;
      &lt;div class="col-lg-12 columnBlockLayout" style="padding: 16px; margin: 60px 0px; min-height: 200px;"&gt;&lt;/div&gt;
    &lt;/div&gt;
  &lt;/div&gt;
  Borders</searchcontent>
  <statecode>0</statecode>
  <statuscode>1</statuscode>
</powerpagecomponent>