<powerpagecomponent powerpagecomponentid="29f0f15a-1960-4095-84aa-24309847463f">
  <content>{"source":"&lt;ul class='dropdown-menu' role='menu'&gt;\r\n  {% assign ordered_languages = page.languages | order_by: 'name' %}\r\n  {% for language in ordered_languages %}\r\n    &lt;li role='menuitem'&gt;\r\n      &lt;a class=\"dropdown-item\"  href='/{{ language.url_substitution }}' title='{{ language.name }}' data-code='{{ language.code }}'&gt;{{ language.name }}&lt;/a&gt;\r\n    &lt;/li&gt;\r\n  {% endfor %}\r\n&lt;/ul&gt;\r\n\r\n"}</content>
  <iscustomizable>1</iscustomizable>
  <name>Languages Dropdown</name>
  <powerpagecomponenttype>8</powerpagecomponenttype>
  <powerpagesiteid>
    <powerpagesiteid>8ff28ff6-80b7-4da9-a1f5-bba77dca87e6</powerpagesiteid>
  </powerpagesiteid>
  <statecode>0</statecode>
  <statuscode>1</statuscode>
</powerpagecomponent>