<powerpagecomponent powerpagecomponentid="f83f5ac0-c8b6-f7b2-c7d3-d8045ff41a4e">
  <content>{
  "filecontent": null,
  "type": 756150000,
  "display_name": "Logo alt text",
  "value": "Pages365 Starter"
}</content>
  <iscustomizable>1</iscustomizable>
  <name>Logo alt text</name>
  <powerpagecomponenttype>7</powerpagecomponenttype>
  <powerpagesiteid>
    <powerpagesiteid>5107f9ea-7583-45b0-acff-ca5ebb48b93e</powerpagesiteid>
  </powerpagesiteid>
  <powerpagesitelanguageid>
    <powerpagesitelanguageid>8fd9634f-9a4a-45b1-84b8-5f5217c251de</powerpagesitelanguageid>
  </powerpagesitelanguageid>
  <statecode>0</statecode>
  <statuscode>1</statuscode>
</powerpagecomponent>