<powerpagecomponent powerpagecomponentid="6dfe7a1c-37b4-ee11-a569-0022482d6c81">
  <content>{
  "value": "· Power Pages Plus",
  "display_name": "Browser Title Suffix",
  "type": 756150000
}</content>
  <iscustomizable>1</iscustomizable>
  <name>Browser Title Suffix</name>
  <powerpagecomponenttype>7</powerpagecomponenttype>
  <powerpagesiteid>
    <powerpagesiteid>8ff28ff6-80b7-4da9-a1f5-bba77dca87e6</powerpagesiteid>
  </powerpagesiteid>
  <statecode>0</statecode>
  <statuscode>1</statuscode>
</powerpagecomponent>