<powerpagecomponent powerpagecomponentid="733a5ff4-23d1-ee11-904c-000d3a0a0ba3">
  <content>{
  "isdefault": false,
  "usewebsiteheaderandfooter": true,
  "type": 756150001,
  "webtemplateid": "c0a474e4-23d1-ee11-904c-000d3a0a0ba3"
}</content>
  <iscustomizable>1</iscustomizable>
  <name>Power Pages Plus Admin</name>
  <powerpagecomponenttype>6</powerpagecomponenttype>
  <powerpagesiteid>
    <powerpagesiteid>837d24e8-7fdd-4eb8-90e4-1a89137ed881</powerpagesiteid>
  </powerpagesiteid>
  <statecode>0</statecode>
  <statuscode>1</statuscode>
</powerpagecomponent>