<powerpagecomponent powerpagecomponentid="fbe8a7fd-06b4-ee11-a569-0022482d6c81">
  <content>{
  "value": "&lt;link rel=\"stylesheet\" href=\"https://cdnjs.cloudflare.com/ajax/libs/font-awesome/6.5.1/css/all.min.css\" integrity=\"sha512-DTOQO9RWCH3ppGqcWaEA1BIZOC6xxalwEsw9c2QQeAIftl+Vegovlnee1c9QX4TctnWMn13TZye+giMm8e2LwA==\" crossorigin=\"anonymous\" referrerpolicy=\"no-referrer\" /&gt;",
  "display_name": "Head/Fonts",
  "type": 756150000
}</content>
  <iscustomizable>1</iscustomizable>
  <name>Head/Fonts</name>
  <powerpagecomponenttype>7</powerpagecomponenttype>
  <powerpagesiteid>
    <powerpagesiteid>8ff28ff6-80b7-4da9-a1f5-bba77dca87e6</powerpagesiteid>
  </powerpagesiteid>
  <statecode>0</statecode>
  <statuscode>1</statuscode>
</powerpagecomponent>