<powerpagecomponent powerpagecomponentid="7b6d976f-9240-4ba4-9ca7-5efbca2a8ba3">
  <content>{"display_name":"Search/Results Count","type":756150000,"value":"{{ current_page }} - {{ page_size }} of {{ searchindex.approximate_total_hits }} Results"}</content>
  <iscustomizable>1</iscustomizable>
  <name>Search/ResultsCount</name>
  <powerpagecomponenttype>7</powerpagecomponenttype>
  <powerpagesiteid>
    <powerpagesiteid>7a7af223-c485-4e81-ab63-e7992354648d</powerpagesiteid>
  </powerpagesiteid>
  <powerpagesitelanguageid>
    <powerpagesitelanguageid>bf9e859a-915e-4381-a595-374e5d772c38</powerpagesitelanguageid>
  </powerpagesitelanguageid>
  <statecode>0</statecode>
  <statuscode>1</statuscode>
</powerpagecomponent>