<powerpagecomponent powerpagecomponentid="cef24064-dec3-4c93-a252-ac5ae9ab3189">
  <content>{
  "display_name": "Power Pages Plus Dashboard Sidebar Message",
  "type": 756150001,
  "value": "&lt;div class=\"sidebar-card d-none d-lg-flex\"&gt;\r\n    &lt;img class=\"sidebar-card-illustration mb-2\" src=\"/undraw_rocket.svg\" alt=\"...\"&gt;\r\n    &lt;p class=\"text-center mb-2\"&gt;&lt;strong&gt;Power Pages Plus Admin&lt;/strong&gt; is packed with premium features, components, and more!&lt;/p&gt;\r\n    &lt;a class=\"btn btn-success btn-sm\" href=\"https://www.powerpagesplus.com\"&gt;View More&lt;/a&gt;\r\n&lt;/div&gt;"
}</content>
  <iscustomizable>1</iscustomizable>
  <name>Power Pages Plus Dashboard Sidebar Message</name>
  <powerpagecomponenttype>7</powerpagecomponenttype>
  <powerpagesiteid>
    <powerpagesiteid>837d24e8-7fdd-4eb8-90e4-1a89137ed881</powerpagesiteid>
  </powerpagesiteid>
  <powerpagesitelanguageid>
    <powerpagesitelanguageid>101f264f-e5b7-4212-aba6-4465d9bb3701</powerpagesitelanguageid>
  </powerpagesitelanguageid>
  <statecode>0</statecode>
  <statuscode>1</statuscode>
</powerpagecomponent>