<powerpagecomponent powerpagecomponentid="13348c03-14a3-4bf5-9c0a-8db1254b24d7">
  <content>{"adx_webpageaccesscontrolrule_webrole":["298d03c1-425d-44e7-9767-7855580e709b"],"right":1,"webpageid":"8834415b-87ed-4c58-87e4-64597db26e99"}</content>
  <iscustomizable>1</iscustomizable>
  <name>Grant Change to Administrators</name>
  <powerpagecomponenttype>10</powerpagecomponenttype>
  <powerpagesiteid>
    <powerpagesiteid>5107f9ea-7583-45b0-acff-ca5ebb48b93e</powerpagesiteid>
  </powerpagesiteid>
  <statecode>0</statecode>
  <statuscode>1</statuscode>
</powerpagecomponent>