<powerpagecomponent powerpagecomponentid="b4b597a5-c47e-4d6c-b32f-498c8d0e1b76">
  <content>{"enabletracking":false,"excludefromsearch":false,"hiddenfromsitemap":false,"parentpageid":"bb799056-69d8-4584-9118-f2467f0f6234","partialurl":"Logo-sm-64.png","publishingstateid":"6d114fc2-bbff-41a0-93e2-7e00f73b1531"}</content>
  <filecontent mimetype="application/octet-stream">Logo-sm-64.png</filecontent>
  <iscustomizable>1</iscustomizable>
  <name>Logo-sm-64.png</name>
  <powerpagecomponenttype>3</powerpagecomponenttype>
  <powerpagesiteid>
    <powerpagesiteid>74d98b9e-9df8-4a46-87f0-afb16d25e531</powerpagesiteid>
  </powerpagesiteid>
  <statecode>0</statecode>
  <statuscode>1</statuscode>
</powerpagecomponent>