<powerpagecomponent powerpagecomponentid="2e02df23-85fe-5bd5-ba28-3a60a6123e9f">
  <content>{
  "filecontent": null,
  "displayorder": 2,
  "weblinksetid": "5a91a124-5209-46c6-a0c2-6eec17bd1dd2",
  "pageid": "67e36203-550b-f5ab-f591-d52c54503383",
  "publishingstateid": "6d114fc2-bbff-41a0-93e2-7e00f73b1531",
  "displaypagevalidation": false,
  "displayimageonly": false,
  "displaypagechildlinks": false,
  "openinnewwindow": false,
  "robotsfollowlink": true
}</content>
  <iscustomizable>1</iscustomizable>
  <name>Image Gallery</name>
  <powerpagecomponenttype>5</powerpagecomponenttype>
  <powerpagesiteid>
    <powerpagesiteid>74d98b9e-9df8-4a46-87f0-afb16d25e531</powerpagesiteid>
  </powerpagesiteid>
  <statecode>0</statecode>
  <statuscode>1</statuscode>
</powerpagecomponent>