<powerpagecomponent powerpagecomponentid="02228a02-6421-4557-b35c-06dd4c2e5842">
  <content>{"enablerating":false,"enabletracking":false,"excludefromsearch":true,"hiddenfromsitemap":true,"isroot":true,"pagetemplateid":"8629f982-0878-47e2-a2ab-330b3d7d127e","parentpageid":"8834415b-87ed-4c58-87e4-64597db26e99","partialurl":"page-not-found","publishingstateid":"a259ce53-d63f-4da8-958d-f3581d35dbb5","sharedpageconfiguration":false}</content>
  <iscustomizable>1</iscustomizable>
  <name>Page Not Found</name>
  <powerpagecomponenttype>2</powerpagecomponenttype>
  <powerpagesiteid>
    <powerpagesiteid>5107f9ea-7583-45b0-acff-ca5ebb48b93e</powerpagesiteid>
  </powerpagesiteid>
  <searchcontent>Page Not Found</searchcontent>
  <statecode>0</statecode>
  <statuscode>1</statuscode>
</powerpagecomponent>