<powerpagecomponent powerpagecomponentid="5fa87ac8-0465-45dd-91a0-e29ba45825de">
  <content>{"createdOn":"2024-01-16T07:50:45.941Z","parentpageid":"e740e969-cb91-4888-81ed-1a289bc99048","publishingstateid":"223b296f-4977-4774-924c-19e26a31cacc","partialurl":"books-3.jpg","title":"","summary":"","enabletracking":false,"excludefromsearch":false,"hiddenfromsitemap":false}</content>
  <filecontent mimetype="image/jpeg">books-3.jpg</filecontent>
  <iscustomizable>1</iscustomizable>
  <name>books-3.jpg</name>
  <powerpagecomponenttype>3</powerpagecomponenttype>
  <powerpagesiteid>
    <powerpagesiteid>8ff28ff6-80b7-4da9-a1f5-bba77dca87e6</powerpagesiteid>
  </powerpagesiteid>
  <statecode>0</statecode>
  <statuscode>1</statuscode>
</powerpagecomponent>