<powerpagecomponent powerpagecomponentid="5513fd6e-a766-95be-8df0-660084bd0fe6">
  <content>{
  "displayorder": 3,
  "pagetemplateid": "d18dd816-9dbb-f011-bbd2-000d3a36bec8",
  "parentpageid": "8834415b-87ed-4c58-87e4-64597db26e99",
  "partialurl": "blank-page",
  "isroot": true,
  "title": "Settings",
  "summary": "&lt;p&gt;This is a sample landing page designed to be a starting point for your website&lt;/p&gt;",
  "publishingstateid": "a259ce53-d63f-4da8-958d-f3581d35dbb5",
  "enablerating": false,
  "enabletracking": false,
  "excludefromsearch": false,
  "hiddenfromsitemap": true,
  "sharedpageconfiguration": false,
  "feedbackpolicy": 756150000
}</content>
  <iscustomizable>1</iscustomizable>
  <name>Blank Page</name>
  <powerpagecomponenttype>2</powerpagecomponenttype>
  <powerpagesiteid>
    <powerpagesiteid>5107f9ea-7583-45b0-acff-ca5ebb48b93e</powerpagesiteid>
  </powerpagesiteid>
  <searchcontent>SettingsBlank Page</searchcontent>
  <statecode>0</statecode>
  <statuscode>1</statuscode>
</powerpagecomponent>