<powerpagecomponent powerpagecomponentid="571b82bf-7df2-b49b-8686-f03eb7996be9">
  <content>{
  "filecontent": null,
  "displayorder": 7,
  "parentweblinkid": "0837aeab-8576-cacd-56d2-5deb8ae4bd42",
  "weblinksetid": "05484a1d-049e-4da1-988d-9c9aa6cea819",
  "pageid": "a4d99820-bab1-7ad5-e62b-fb3dcf8ca798",
  "publishingstateid": "b2990ee5-9cfa-4b2d-8a89-22cdf57d8f33",
  "displaypagevalidation": false,
  "displayimageonly": false,
  "displaypagechildlinks": false,
  "openinnewwindow": false,
  "robotsfollowlink": true
}</content>
  <iscustomizable>1</iscustomizable>
  <name>Colors</name>
  <powerpagecomponenttype>5</powerpagecomponenttype>
  <powerpagesiteid>
    <powerpagesiteid>837d24e8-7fdd-4eb8-90e4-1a89137ed881</powerpagesiteid>
  </powerpagesiteid>
  <statecode>0</statecode>
  <statuscode>1</statuscode>
</powerpagecomponent>