<powerpagecomponent powerpagecomponentid="17c807c8-f89c-4567-837d-8c272d39f451">
  <content>{"enabletracking":false,"excludefromsearch":false,"hiddenfromsitemap":false,"parentpageid":"bb799056-69d8-4584-9118-f2467f0f6234","partialurl":"Cat-PC.png","publishingstateid":"6d114fc2-bbff-41a0-93e2-7e00f73b1531"}</content>
  <filecontent mimetype="application/octet-stream">Cat-PC.png</filecontent>
  <iscustomizable>1</iscustomizable>
  <name>Cat-PC.png</name>
  <powerpagecomponenttype>3</powerpagecomponenttype>
  <powerpagesiteid>
    <powerpagesiteid>74d98b9e-9df8-4a46-87f0-afb16d25e531</powerpagesiteid>
  </powerpagesiteid>
  <statecode>0</statecode>
  <statuscode>1</statuscode>
</powerpagecomponent>