<powerpagecomponent powerpagecomponentid="80d93c6b-ce1f-432a-acff-d1f028c6db23">
  <content>{
  "lcid": 1033,
  "entityname": "msppp_notification",
  "formname": "Information",
  "mode": 100000000,
  "onsuccess": "756150000",
  "successmessage": "",
  "hideformonsuccess": true,
  "redirectwebpage": null,
  "redirecturl": null,
  "captcharequired": true,
  "showcaptchaforauthenticatedusers": true,
  "entitypermissionsenabled": true,
  "attachfilelabel": "",
  "attachfilemaxsize": null,
  "entitysourcetype": null,
  "recordidquerystringparametername": null
}</content>
  <iscustomizable>1</iscustomizable>
  <name>Information</name>
  <powerpagecomponenttype>15</powerpagecomponenttype>
  <powerpagesiteid>
    <powerpagesiteid>837d24e8-7fdd-4eb8-90e4-1a89137ed881</powerpagesiteid>
  </powerpagesiteid>
  <statecode>0</statecode>
  <statuscode>1</statuscode>
</powerpagecomponent>