<powerpagecomponent powerpagecomponentid="0801b1d2-92f3-411f-98a8-982e88c61b44">
  <content>{"enablerating":false,"enabletracking":false,"excludefromsearch":false,"feedbackpolicy":756150000,"hiddenfromsitemap":true,"isroot":true,"pagetemplateid":"7dc249d4-0d62-4159-99f5-7db202c83c8b","parentpageid":"e1acc288-92f1-4695-8aa5-7c4dc439f6bb","partialurl":"profile","publishingstateid":"1363c145-fb5a-4fe8-aef1-6c9197cb44ed","sharedpageconfiguration":false,"title":"Profile"}</content>
  <iscustomizable>1</iscustomizable>
  <name>Profile</name>
  <powerpagecomponenttype>2</powerpagecomponenttype>
  <powerpagesiteid>
    <powerpagesiteid>7a7af223-c485-4e81-ab63-e7992354648d</powerpagesiteid>
  </powerpagesiteid>
  <searchcontent>ProfileProfile</searchcontent>
  <statecode>0</statecode>
  <statuscode>1</statuscode>
</powerpagecomponent>