<powerpagecomponent powerpagecomponentid="789705b7-9cbe-4e00-ba90-b76230a3cb88">
  <content>{"disablepagevalidation":false,"displayimageonly":false,"displayorder":1,"displaypagechildlinks":false,"openinnewwindow":false,"pageid":"bb799056-69d8-4584-9118-f2467f0f6234","publishingstateid":"6d114fc2-bbff-41a0-93e2-7e00f73b1531","robotsfollowlink":true,"weblinksetid":"5a91a124-5209-46c6-a0c2-6eec17bd1dd2"}</content>
  <iscustomizable>1</iscustomizable>
  <name>Home</name>
  <powerpagecomponenttype>5</powerpagecomponenttype>
  <powerpagesiteid>
    <powerpagesiteid>74d98b9e-9df8-4a46-87f0-afb16d25e531</powerpagesiteid>
  </powerpagesiteid>
  <statecode>0</statecode>
  <statuscode>1</statuscode>
</powerpagecomponent>