<powerpagecomponent powerpagecomponentid="57468df0-6b78-44f6-88c0-b4d9ddad4531">
  <content>{"description":"A true or false value. If set to true, the local account will be marked as deprecated. The portal user will be required to migrate to a non-deprecated account.","value":"False"}</content>
  <iscustomizable>1</iscustomizable>
  <name>Authentication/Registration/LocalLoginDeprecated</name>
  <powerpagecomponenttype>9</powerpagecomponenttype>
  <powerpagesiteid>
    <powerpagesiteid>8ff28ff6-80b7-4da9-a1f5-bba77dca87e6</powerpagesiteid>
  </powerpagesiteid>
  <statecode>0</statecode>
  <statuscode>1</statuscode>
</powerpagecomponent>