<powerpagecomponent powerpagecomponentid="b0a3ad3b-7d26-4bb3-8fdb-259670587b35">
  <content>{"status":"enable","selectedThemeId":"df88c9ca-e24f-4eca-af9a-880e7b8559a0","siteSettingId":"b0a3ad3b-7d26-4bb3-8fdb-259670587b35","version":"V2"}</content>
  <iscustomizable>1</iscustomizable>
  <name>ThemeFeature</name>
  <powerpagecomponenttype>9</powerpagecomponenttype>
  <powerpagesiteid>
    <powerpagesiteid>7a7af223-c485-4e81-ab63-e7992354648d</powerpagesiteid>
  </powerpagesiteid>
  <statecode>0</statecode>
  <statuscode>1</statuscode>
</powerpagecomponent>