<powerpagecomponent powerpagecomponentid="cb99138c-36d7-4482-868c-ddf7c0d0bd47">
  <content>{"displayorder":10,"enabletracking":false,"excludefromsearch":true,"hiddenfromsitemap":false,"parentpageid":"e740e969-cb91-4888-81ed-1a289bc99048","partialurl":"portalbasictheme.css","publishingstateid":"223b296f-4977-4774-924c-19e26a31cacc"}</content>
  <filecontent mimetype="text/css">portalbasictheme.css</filecontent>
  <iscustomizable>1</iscustomizable>
  <name>portalbasictheme.css</name>
  <powerpagecomponenttype>3</powerpagecomponenttype>
  <powerpagesiteid>
    <powerpagesiteid>8ff28ff6-80b7-4da9-a1f5-bba77dca87e6</powerpagesiteid>
  </powerpagesiteid>
  <statecode>0</statecode>
  <statuscode>1</statuscode>
</powerpagecomponent>