<powerpagecomponent powerpagecomponentid="67e36203-550b-f5ab-f591-d52c54503383">
  <content>{
  "filecontent": null,
  "displayorder": 2,
  "customcss": "",
  "customjavascript": "",
  "pagetemplateid": "38cb18ab-3441-4a11-8a4a-c2b4982647ce",
  "parentpageid": "bb799056-69d8-4584-9118-f2467f0f6234",
  "partialurl": "image-gallery",
  "isroot": true,
  "title": "Image Gallery",
  "summary": "&lt;p&gt;This is a sample landing page designed to be a starting point for your website&lt;/p&gt;",
  "copy": "",
  "publishingstateid": "6d114fc2-bbff-41a0-93e2-7e00f73b1531",
  "enablerating": false,
  "enabletracking": false,
  "excludefromsearch": false,
  "hiddenfromsitemap": true,
  "sharedpageconfiguration": false
}</content>
  <iscustomizable>1</iscustomizable>
  <name>Image Gallery</name>
  <powerpagecomponenttype>2</powerpagecomponenttype>
  <powerpagesiteid>
    <powerpagesiteid>74d98b9e-9df8-4a46-87f0-afb16d25e531</powerpagesiteid>
  </powerpagesiteid>
  <searchcontent>Image GalleryImage Gallery</searchcontent>
  <statecode>0</statecode>
  <statuscode>1</statuscode>
</powerpagecomponent>