<powerpagecomponent powerpagecomponentid="43832415-80fc-45c6-c5a0-099e6a558c23">
  <content>{"modifiedon":"2024-04-17T02:04:15Z","createdOn":"2024-04-17T02:04:01.662Z","parentpageid":"9f83f7a2-22f5-4649-a269-74a699a16001","publishingstateid":"b2990ee5-9cfa-4b2d-8a89-22cdf57d8f33","partialurl":"GREY-1.scss","title":"","summary":"GREY_DESCRIPTION","enabletracking":false,"excludefromsearch":false,"hiddenfromsitemap":false}</content>
  <filecontent mimetype="application/octet-stream">GREY%20(1)</filecontent>
  <iscustomizable>1</iscustomizable>
  <name>GREY (1)</name>
  <powerpagecomponenttype>3</powerpagecomponenttype>
  <powerpagesiteid>
    <powerpagesiteid>837d24e8-7fdd-4eb8-90e4-1a89137ed881</powerpagesiteid>
  </powerpagesiteid>
  <statecode>0</statecode>
  <statuscode>1</statuscode>
</powerpagecomponent>