<powerpagecomponent powerpagecomponentid="0ebebecf-e395-4e71-8782-83014ace4b80">
  <content>{"status":"enable","selectedThemeId":"f21551a1-7244-432f-ad88-220609e070d3","siteSettingId":"0ebebecf-e395-4e71-8782-83014ace4b80","version":"V2"}</content>
  <iscustomizable>1</iscustomizable>
  <name>ThemeFeature</name>
  <powerpagecomponenttype>9</powerpagecomponenttype>
  <powerpagesiteid>
    <powerpagesiteid>8ff28ff6-80b7-4da9-a1f5-bba77dca87e6</powerpagesiteid>
  </powerpagesiteid>
  <statecode>0</statecode>
  <statuscode>1</statuscode>
</powerpagecomponent>