<powerpagecomponent powerpagecomponentid="281cbc59-c99d-26f6-bde0-11d6879f67b0">
  <content>{
  "webpageid": "8767d10a-f954-ea97-7e0f-f93afe5870d4",
  "right": 2,
  "scope": 1,
  "adx_webpageaccesscontrolrule_webrole": [
    "469d70df-f256-458f-8574-1ec42a7233d0",
    "518b25ed-ac7b-43fa-9da0-31decb0b43d4"
  ]
}</content>
  <iscustomizable>1</iscustomizable>
  <name>Restrict Read on Dashboard</name>
  <powerpagecomponenttype>10</powerpagecomponenttype>
  <powerpagesiteid>
    <powerpagesiteid>837d24e8-7fdd-4eb8-90e4-1a89137ed881</powerpagesiteid>
  </powerpagesiteid>
  <statecode>0</statecode>
  <statuscode>1</statuscode>
</powerpagecomponent>