<powerpagecomponent powerpagecomponentid="7004fcdc-503e-ef86-61e7-bcfc6bc9add0">
  <content>{
  "displayorder": 3,
  "weblinksetid": "05484a1d-049e-4da1-988d-9c9aa6cea819",
  "pageid": "53a984bc-1e39-e60e-84eb-027a3bb2f61d",
  "publishingstateid": "b2990ee5-9cfa-4b2d-8a89-22cdf57d8f33",
  "displaypagevalidation": false,
  "displayimageonly": false,
  "displaypagechildlinks": false,
  "openinnewwindow": false,
  "robotsfollowlink": true
}</content>
  <iscustomizable>1</iscustomizable>
  <name>Blank</name>
  <powerpagecomponenttype>5</powerpagecomponenttype>
  <powerpagesiteid>
    <powerpagesiteid>837d24e8-7fdd-4eb8-90e4-1a89137ed881</powerpagesiteid>
  </powerpagesiteid>
  <statecode>1</statecode>
  <statuscode>2</statuscode>
</powerpagecomponent>