<powerpagecomponent powerpagecomponentid="dab61abc-10f4-4b88-bd58-faf7c7fea2d6">
  <content>{
  "display_name": "Footer",
  "type": 756150001,
  "value": "\r\n&lt;div class=\"row gy-4\"&gt;\r\n    &lt;div class=\"col-lg-6 col-md-12 footer-info\"&gt;\r\n        &lt;h4&gt;Power Pages Plus&lt;/h4&gt;\r\n        &lt;p&gt;​Our Premium Templates revolutionize Power Pages development by allowing users to focus on project development while we handle meticulous website branding/design.&lt;/p&gt;\r\n    &lt;/div&gt;\r\n\r\n    &lt;div class=\"col-lg-2 col-6 footer-links\"&gt;\r\n        &lt;h4&gt;Our Services&lt;/h4&gt;\r\n        &lt;ul&gt;\r\n          &lt;li&gt;Power Platform Consulting&lt;/li&gt;\r\n          &lt;li&gt;Digital Transformation Roadmap&lt;/li&gt;\r\n          &lt;li&gt;Web Design&lt;/li&gt;\r\n          &lt;li&gt;Web Development&lt;/li&gt;\r\n        &lt;/ul&gt;\r\n    &lt;/div&gt;\r\n\r\n    &lt;div class=\"col-lg-3 col-md-12 footer-contact text-center text-md-start\"&gt;\r\n        &lt;h4&gt;Contact Us&lt;/h4&gt;\r\n        &lt;span&gt;\r\n        &lt;strong&gt;Email:&lt;/strong&gt; info@powerpagesplus.com&lt;br&gt;\r\n        &lt;/span&gt;\r\n    &lt;/div&gt;\r\n\r\n&lt;/div&gt;\r\n&lt;div class=\"row gy-4\"&gt;\r\n    &lt;div class=\"copyright\"&gt;\r\n        © Copyright &lt;strong&gt;&lt;span&gt;&lt;a href=\"https://www.powerpagesplus.com\" target=\"_blank\"&gt;Power Pages Plus by Eyedeas Inc.&lt;/a&gt;&lt;/span&gt;&lt;/strong&gt; {{ now | date: 'yyyy' }}. All Rights Reserved\r\n    &lt;/div&gt;\r\n&lt;/div&gt;"
}</content>
  <iscustomizable>1</iscustomizable>
  <name>Footer</name>
  <powerpagecomponenttype>7</powerpagecomponenttype>
  <powerpagesiteid>
    <powerpagesiteid>837d24e8-7fdd-4eb8-90e4-1a89137ed881</powerpagesiteid>
  </powerpagesiteid>
  <powerpagesitelanguageid>
    <powerpagesitelanguageid>101f264f-e5b7-4212-aba6-4465d9bb3701</powerpagesitelanguageid>
  </powerpagesitelanguageid>
  <statecode>0</statecode>
  <statuscode>1</statuscode>
</powerpagecomponent>