<powerpagecomponent powerpagecomponentid="533c6494-842a-4417-bab3-f3f0f4c3f4b8">
  <content>{"displayorder":10,"enabletracking":false,"excludefromsearch":true,"hiddenfromsitemap":false,"parentpageid":"bb799056-69d8-4584-9118-f2467f0f6234","partialurl":"portalbasictheme.css","publishingstateid":"6d114fc2-bbff-41a0-93e2-7e00f73b1531"}</content>
  <filecontent mimetype="application/octet-stream">portalbasictheme.css</filecontent>
  <iscustomizable>1</iscustomizable>
  <name>portalbasictheme.css</name>
  <powerpagecomponenttype>3</powerpagecomponenttype>
  <powerpagesiteid>
    <powerpagesiteid>74d98b9e-9df8-4a46-87f0-afb16d25e531</powerpagesiteid>
  </powerpagesiteid>
  <statecode>0</statecode>
  <statuscode>1</statuscode>
</powerpagecomponent>