<powerpagecomponent powerpagecomponentid="15f5e440-62f1-ee11-a1fd-0022486d9037">
  <content>{
  "displayimageonly": false,
  "displaypagechildlinks": false,
  "disablepagevalidation": false,
  "openinnewwindow": false,
  "robotsfollowlink": false,
  "publishingstateid": "b2990ee5-9cfa-4b2d-8a89-22cdf57d8f33",
  "weblinksetid": "2e60c067-61f1-ee11-a1fd-0022486d9037",
  "parentweblinkid": "097cbdde-61f1-ee11-a1fd-0022486d9037",
  "pageid": "276a597f-bf77-9c8b-ee85-7510f86106b8",
  "displayorder": 1
}</content>
  <iscustomizable>1</iscustomizable>
  <name>Buttons</name>
  <powerpagecomponenttype>5</powerpagecomponenttype>
  <powerpagesiteid>
    <powerpagesiteid>837d24e8-7fdd-4eb8-90e4-1a89137ed881</powerpagesiteid>
  </powerpagesiteid>
  <statecode>0</statecode>
  <statuscode>1</statuscode>
</powerpagecomponent>