<powerpagecomponent powerpagecomponentid="c6efaa83-9432-4853-92c0-67fd7cd572ca">
  <content>{
  "powerpagesitelanguageid": "b4348126-7331-4aba-9433-aeec62e6a943",
  "display_name": "Footer",
  "type": 756150001,
  "value": "\n&lt;div class=\"row gy-4\"&gt;\n    &lt;div class=\"col-lg-5 col-md-12 footer-info\"&gt;\n        &lt;a href=\"/\" class=\"logo d-flex align-items-center\"&gt;\n        &lt;span&gt;Power Impact&lt;/span&gt;\n        &lt;/a&gt;\n        &lt;p&gt;​Our Premium Templates revolutionize Power Pages development by allowing users to focus on project development while we handle meticulous website branding/design.&lt;/p&gt;\n        &lt;div class=\"social-links d-flex mt-4\"&gt;\n            &lt;a href=\"https://twitter.com/thevictordantas\" class=\"twitter\" target=\"_blank\"&gt;&lt;i class=\"fa-brands fa-x-twitter\"&gt;&lt;/i&gt;&lt;/a&gt;\n            &lt;a href=\"https://www.facebook.com/zerotoheromentorship\" class=\"facebook\" target=\"_blank\"&gt;&lt;i class=\"fa-brands fa-facebook-f\"&gt;&lt;/i&gt;&lt;/a&gt;\n            &lt;a href=\"https://instagram.com/thevictordantas\" class=\"instagram\" target=\"_blank\"&gt;&lt;i class=\"fa-brands fa-instagram\"&gt;&lt;/i&gt;&lt;/a&gt;\n            &lt;a href=\"https://linkedin.com/company/eyedeas-inc-365\" class=\"linkedin\" target=\"_blank\"&gt;&lt;i class=\"fa-brands fa-linkedin\"&gt;&lt;/i&gt;&lt;/a&gt;\n        &lt;/div&gt;\n    &lt;/div&gt;\n\n    &lt;div class=\"col-lg-2 col-6 footer-links\"&gt;\n        &lt;h4&gt;Useful Links&lt;/h4&gt;\n        &lt;ul&gt;\n        &lt;li&gt;&lt;a href=\"#\"&gt;Home&lt;/a&gt;&lt;/li&gt;\n        &lt;li&gt;&lt;a href=\"#\"&gt;About us&lt;/a&gt;&lt;/li&gt;\n        &lt;li&gt;&lt;a href=\"#\"&gt;Services&lt;/a&gt;&lt;/li&gt;\n        &lt;li&gt;&lt;a href=\"#\"&gt;Terms of service&lt;/a&gt;&lt;/li&gt;\n        &lt;li&gt;&lt;a href=\"#\"&gt;Privacy policy&lt;/a&gt;&lt;/li&gt;\n        &lt;/ul&gt;\n    &lt;/div&gt;\n\n    &lt;div class=\"col-lg-2 col-6 footer-links\"&gt;\n        &lt;h4&gt;Our Services&lt;/h4&gt;\n        &lt;ul&gt;\n        &lt;li&gt;&lt;a href=\"#\"&gt;Web Design&lt;/a&gt;&lt;/li&gt;\n        &lt;li&gt;&lt;a href=\"#\"&gt;Web Development&lt;/a&gt;&lt;/li&gt;\n        &lt;li&gt;&lt;a href=\"#\"&gt;Product Management&lt;/a&gt;&lt;/li&gt;\n        &lt;li&gt;&lt;a href=\"#\"&gt;Marketing&lt;/a&gt;&lt;/li&gt;\n        &lt;li&gt;&lt;a href=\"#\"&gt;Graphic Design&lt;/a&gt;&lt;/li&gt;\n        &lt;/ul&gt;\n    &lt;/div&gt;\n\n    &lt;div class=\"col-lg-3 col-md-12 footer-contact text-center text-md-start\"&gt;\n        &lt;h4&gt;Contact Us&lt;/h4&gt;\n        &lt;p&gt;\n        Power Pages Main Street &lt;br&gt;\n        New York, NY 535022&lt;br&gt;\n        United States &lt;br&gt;&lt;br&gt;\n        &lt;strong&gt;Phone:&lt;/strong&gt; +1-888-888-8888&lt;br&gt;\n        &lt;strong&gt;Email:&lt;/strong&gt; info@powerpagesplus.com&lt;br&gt;\n        &lt;/p&gt;\n    &lt;/div&gt;\n\n&lt;/div&gt;\n&lt;div class=\"row gy-4\"&gt;\n    &lt;div class=\"copyright\"&gt;\n        © Copyright &lt;strong&gt;&lt;span&gt;Power Pages Plus by Eyedeas Inc.&lt;/span&gt;&lt;/strong&gt; {{ now | date: 'yyyy' }}. All Rights Reserved\n    &lt;/div&gt;\n    &lt;div class=\"copyright\"&gt;\n        &lt;img src=\"/ppp-logo-white.png\" style=\"width: 200px;\"/&gt;\n    &lt;/div&gt;\n&lt;/div&gt;\n\n&lt;script src=\"https://cdnjs.cloudflare.com/ajax/libs/glightbox/3.2.0/js/glightbox.min.js\" integrity=\"sha512-S/H9RQ6govCzeA7F9D0m8NGfsGf0/HjJEiLEfWGaMCjFzavo+DkRbYtZLSO+X6cZsIKQ6JvV/7Y9YMaYnSGnAA==\" crossorigin=\"anonymous\" referrerpolicy=\"no-referrer\"&gt;&lt;/script&gt;\n&lt;!-- Template Main JS File --&gt;\n&lt;script src=\"/powerpagesplus-impact-main.js\"&gt;&lt;/script&gt;"
}</content>
  <iscustomizable>1</iscustomizable>
  <name>Footer</name>
  <powerpagecomponenttype>7</powerpagecomponenttype>
  <powerpagesiteid>
    <powerpagesiteid>8ff28ff6-80b7-4da9-a1f5-bba77dca87e6</powerpagesiteid>
  </powerpagesiteid>
  <powerpagesitelanguageid>
    <powerpagesitelanguageid>b4348126-7331-4aba-9433-aeec62e6a943</powerpagesitelanguageid>
  </powerpagesitelanguageid>
  <statecode>0</statecode>
  <statuscode>1</statuscode>
</powerpagecomponent>