<powerpagecomponent powerpagecomponentid="60fcb7b2-ac42-5bd4-7015-9ffafbf7b454">
  <content>{"modifiedon":"2024-04-18T23:53:01Z","createdOn":"2024-04-18T23:52:54.817Z","parentpageid":"9f83f7a2-22f5-4649-a269-74a699a16001","publishingstateid":"b2990ee5-9cfa-4b2d-8a89-22cdf57d8f33","partialurl":"ORANGE-1.scss","title":"","summary":"ORANGE_DESCRIPTION","enabletracking":false,"excludefromsearch":false,"hiddenfromsitemap":false}</content>
  <filecontent mimetype="application/octet-stream">ORANGE%20(1)</filecontent>
  <iscustomizable>1</iscustomizable>
  <name>ORANGE (1)</name>
  <powerpagecomponenttype>3</powerpagecomponenttype>
  <powerpagesiteid>
    <powerpagesiteid>837d24e8-7fdd-4eb8-90e4-1a89137ed881</powerpagesiteid>
  </powerpagesiteid>
  <statecode>0</statecode>
  <statuscode>1</statuscode>
</powerpagecomponent>