<powerpagecomponent powerpagecomponentid="583a8912-e564-4be1-a4ad-dd8224509472">
  <content>{
  "display_name": "Footer",
  "type": 756150001,
  "value": "&lt;p&gt;Copyright © {{ now | date: 'yyyy' }}. All rights reserved.&lt;/p&gt;\r\n&lt;script src=\"/powerpagesplus-main.js\"&gt;&lt;/script&gt;"
}</content>
  <iscustomizable>1</iscustomizable>
  <name>Footer</name>
  <powerpagecomponenttype>7</powerpagecomponenttype>
  <powerpagesiteid>
    <powerpagesiteid>74d98b9e-9df8-4a46-87f0-afb16d25e531</powerpagesiteid>
  </powerpagesiteid>
  <powerpagesitelanguageid>
    <powerpagesitelanguageid>f0033b08-30b3-4459-925b-b3e9822640db</powerpagesitelanguageid>
  </powerpagesitelanguageid>
  <statecode>0</statecode>
  <statuscode>1</statuscode>
</powerpagecomponent>