<powerpagecomponent powerpagecomponentid="b791c452-9170-4947-ab37-7ccd4e8567bb">
  <content>{"createdOn":"2023-11-09T20:38:10.314Z","parentpageid":"e1acc288-92f1-4695-8aa5-7c4dc439f6bb","publishingstateid":"1363c145-fb5a-4fe8-aef1-6c9197cb44ed","partialurl":"row-1.png","title":"","summary":"","enabletracking":false,"excludefromsearch":false,"hiddenfromsitemap":false}</content>
  <filecontent mimetype="image/png">row-1.png</filecontent>
  <iscustomizable>1</iscustomizable>
  <name>row-1.png</name>
  <powerpagecomponenttype>3</powerpagecomponenttype>
  <powerpagesiteid>
    <powerpagesiteid>7a7af223-c485-4e81-ab63-e7992354648d</powerpagesiteid>
  </powerpagesiteid>
  <statecode>0</statecode>
  <statuscode>1</statuscode>
</powerpagecomponent>