<powerpagecomponent powerpagecomponentid="f1accf9a-213f-470c-80da-4057ea11c1e2">
  <content>{"disablepagevalidation":false,"displayimageonly":false,"displayorder":1,"displaypagechildlinks":false,"openinnewwindow":false,"pageid":"9f83f7a2-22f5-4649-a269-74a699a16001","publishingstateid":"b2990ee5-9cfa-4b2d-8a89-22cdf57d8f33","robotsfollowlink":true,"weblinksetid":"05484a1d-049e-4da1-988d-9c9aa6cea819"}</content>
  <iscustomizable>1</iscustomizable>
  <name>Home</name>
  <powerpagecomponenttype>5</powerpagecomponenttype>
  <powerpagesiteid>
    <powerpagesiteid>837d24e8-7fdd-4eb8-90e4-1a89137ed881</powerpagesiteid>
  </powerpagesiteid>
  <statecode>0</statecode>
  <statuscode>1</statuscode>
</powerpagecomponent>