<powerpagecomponent powerpagecomponentid="f8094adb-fba3-45b0-95a8-b844f412999e">
  <content>{"enabletracking":false,"excludefromsearch":false,"hiddenfromsitemap":false,"parentpageid":"8834415b-87ed-4c58-87e4-64597db26e99","partialurl":"Logo-sm-64.png","publishingstateid":"a259ce53-d63f-4da8-958d-f3581d35dbb5"}</content>
  <filecontent mimetype="application/octet-stream">Logo-sm-64.png</filecontent>
  <iscustomizable>1</iscustomizable>
  <name>Logo-sm-64.png</name>
  <powerpagecomponenttype>3</powerpagecomponenttype>
  <powerpagesiteid>
    <powerpagesiteid>5107f9ea-7583-45b0-acff-ca5ebb48b93e</powerpagesiteid>
  </powerpagesiteid>
  <statecode>0</statecode>
  <statuscode>1</statuscode>
</powerpagecomponent>