<powerpagesitelanguages>
  <powerpagesitelanguage powerpagesitelanguageid="101f264f-e5b7-4212-aba6-4465d9bb3701">
    <content>{"publishingstate":"b2990ee5-9cfa-4b2d-8a89-22cdf57d8f33","systemlanguage":1033}</content>
    <displayname>English</displayname>
    <iscustomizable>1</iscustomizable>
    <languagecode>en-US</languagecode>
    <lcid>1033</lcid>
    <name>English</name>
    <powerpagesiteid>
      <powerpagesiteid>837d24e8-7fdd-4eb8-90e4-1a89137ed881</powerpagesiteid>
    </powerpagesiteid>
    <statecode>0</statecode>
    <statuscode>1</statuscode>
  </powerpagesitelanguage>
</powerpagesitelanguages>