<powerpagecomponent powerpagecomponentid="7f7e7393-c041-4823-8acd-2f78f470340f">
  <content>{"enablerating":false,"enabletracking":false,"excludefromsearch":false,"hiddenfromsitemap":true,"isroot":true,"pagetemplateid":"40e3ba23-36c2-417a-a5e1-ef125ebb7df9","parentpageid":"8834415b-87ed-4c58-87e4-64597db26e99","partialurl":"profile","publishingstateid":"a259ce53-d63f-4da8-958d-f3581d35dbb5","sharedpageconfiguration":false,"title":"Profile"}</content>
  <iscustomizable>1</iscustomizable>
  <name>Profile</name>
  <powerpagecomponenttype>2</powerpagecomponenttype>
  <powerpagesiteid>
    <powerpagesiteid>5107f9ea-7583-45b0-acff-ca5ebb48b93e</powerpagesiteid>
  </powerpagesiteid>
  <searchcontent>ProfileProfile</searchcontent>
  <statecode>0</statecode>
  <statuscode>1</statuscode>
</powerpagecomponent>