<powerpagecomponent powerpagecomponentid="264bae4a-4a6d-4b1d-bc9e-0f7a8f931316">
  <content>{"enablerating":false,"enabletracking":false,"excludefromsearch":true,"feedbackpolicy":756150000,"hiddenfromsitemap":true,"isroot":true,"pagetemplateid":"85b0b08a-259e-4b19-93db-df0e8a46d86b","parentpageid":"e1acc288-92f1-4695-8aa5-7c4dc439f6bb","partialurl":"page-not-found","publishingstateid":"1363c145-fb5a-4fe8-aef1-6c9197cb44ed","sharedpageconfiguration":false}</content>
  <iscustomizable>1</iscustomizable>
  <name>Page Not Found</name>
  <powerpagecomponenttype>2</powerpagecomponenttype>
  <powerpagesiteid>
    <powerpagesiteid>7a7af223-c485-4e81-ab63-e7992354648d</powerpagesiteid>
  </powerpagesiteid>
  <searchcontent>Page Not Found</searchcontent>
  <statecode>0</statecode>
  <statuscode>1</statuscode>
</powerpagecomponent>