<powerpagesitelanguages>
  <powerpagesitelanguage powerpagesitelanguageid="8fd9634f-9a4a-45b1-84b8-5f5217c251de">
    <content>{"publishingstate":"a259ce53-d63f-4da8-958d-f3581d35dbb5","systemlanguage":1033}</content>
    <displayname>English</displayname>
    <iscustomizable>1</iscustomizable>
    <languagecode>en-US</languagecode>
    <lcid>1033</lcid>
    <name>English</name>
    <powerpagesiteid>
      <powerpagesiteid>5107f9ea-7583-45b0-acff-ca5ebb48b93e</powerpagesiteid>
    </powerpagesiteid>
    <statecode>0</statecode>
    <statuscode>1</statuscode>
  </powerpagesitelanguage>
</powerpagesitelanguages>