<powerpagesites>
  <powerpagesite powerpagesiteid="5107f9ea-7583-45b0-acff-ca5ebb48b93e">
    <content>{"defaultlanguage":"8fd9634f-9a4a-45b1-84b8-5f5217c251de","footerwebtemplateid":"e3409fdd-39ad-429e-8302-91ae83141233","headerwebtemplateid":"f0a89426-53a3-48dc-aa89-715e671d3e3b","website_language":1033,"defaultbotconsumerid":"c1b819e1-98bb-f011-bbd2-000d3a36bec8"}</content>
    <datamodelversion>2.0</datamodelversion>
    <iscustomizable>1</iscustomizable>
    <name>Pages 365 Starter - pages365starter</name>
    <primarydomainname>pages365starter.powerappsportals.com</primarydomainname>
    <statecode>0</statecode>
    <statuscode>1</statuscode>
  </powerpagesite>
</powerpagesites>