<powerpagecomponent powerpagecomponentid="8d6ba204-9dbb-f011-bbd2-000d3a36bec8">
  <content>{"source":"&lt;link rel=\"stylesheet\" href=\"https://cdn.jsdelivr.net/npm/bootstrap-icons@1.11.1/font/bootstrap-icons.css\"&gt;\r\n\r\n&lt;div class=\"container-fluid\"&gt;\r\n  &lt;div class=\"row\"&gt;\r\n    &lt;!-- Dynamic Navigation Menu --&gt;\r\n    {% assign sidebar_nav = weblinks[\"Sidebar Navigation\"] %}\r\n    &lt;nav id=\"sidebarMenu\" class=\"col-1 col-xs-1 col-sm-1 col-md-2 col-lg-2 d-md-block bg-light sidebar\"&gt;\r\n      &lt;div class=\"position-sticky sidebar-sticky\"&gt;\r\n        &lt;ul class=\"nav flex-column\"&gt;\r\n          {% for link in sidebar_nav.weblinks %}\r\n            &lt;li class=\"nav-item\"&gt;\r\n              &lt;a class=\"nav-link{% if link.display_order == 1 %} active{% endif %}\" \r\n                href=\"{{ link.url | escape }}\" \r\n                title=\"{{ link.name | escape }}\"&gt;\r\n                &lt;i class=\"bi {{ link.image.url | escape }}\"&gt;&lt;/i&gt;\r\n                &lt;span class=\"nav-item-label\"&gt;{{ link.name | escape }}&lt;/span&gt;\r\n              &lt;/a&gt;\r\n            &lt;/li&gt;\r\n          {% endfor %}\r\n        &lt;/ul&gt;\r\n      &lt;/div&gt;\r\n    &lt;/nav&gt;\r\n    &lt;!-- End Dynamic Navigation Menu --&gt;\r\n\r\n    &lt;div class=\"col-md-9 ms-sm-auto col-lg-10 px-md-4 component-area\"&gt;\r\n      &lt;h3 class=\"h3 mt-3\"&gt;{{ page.title }}&lt;/h3&gt;\r\n      {% editable page 'adx_copy' type: 'html', liquid: true %}\r\n    &lt;/div&gt;\r\n  &lt;/div&gt;\r\n&lt;/div&gt;"}</content>
  <iscustomizable>1</iscustomizable>
  <name>Page365 Fluid</name>
  <powerpagecomponenttype>8</powerpagecomponenttype>
  <powerpagesiteid>
    <powerpagesiteid>5107f9ea-7583-45b0-acff-ca5ebb48b93e</powerpagesiteid>
  </powerpagesiteid>
  <statecode>0</statecode>
  <statuscode>1</statuscode>
</powerpagecomponent>