<powerpagecomponent powerpagecomponentid="50a6adfb-2188-0f7e-ee88-b45634e95ed8">
  <content>{
  "powerpagesitelanguageid": "b4348126-7331-4aba-9433-aeec62e6a943",
  "type": 756150000,
  "display_name": "Site name",
  "value": "Power Impact"
}</content>
  <iscustomizable>1</iscustomizable>
  <name>Site name</name>
  <powerpagecomponenttype>7</powerpagecomponenttype>
  <powerpagesiteid>
    <powerpagesiteid>8ff28ff6-80b7-4da9-a1f5-bba77dca87e6</powerpagesiteid>
  </powerpagesiteid>
  <powerpagesitelanguageid>
    <powerpagesitelanguageid>b4348126-7331-4aba-9433-aeec62e6a943</powerpagesitelanguageid>
  </powerpagesitelanguageid>
  <statecode>0</statecode>
  <statuscode>1</statuscode>
</powerpagecomponent>