<powerpagecomponent powerpagecomponentid="106919cf-aed9-6699-1c21-184b3affc3ce">
  <content>{
  "filecontent": null,
  "displayorder": 3,
  "pagetemplateid": "733a5ff4-23d1-ee11-904c-000d3a0a0ba3",
  "parentpageid": "8767d10a-f954-ea97-7e0f-f93afe5870d4",
  "partialurl": "page",
  "isroot": false,
  "rootwebpageid": "2d23f48d-0bca-2c78-eafc-efcb6a6417e9",
  "title": "Page",
  "summary": "&lt;p&gt;This is a sample landing page designed to be a starting point for your website&lt;/p&gt;",
  "copy": "&lt;div id=\"ij0eel\" class=\"row sectionBlockLayout text-start\" style=\"display: flex; flex-wrap: wrap; margin: 0px; min-height: auto; padding: 8px;\"&gt;\n  &lt;div id=\"ik7b4h\" class=\"container\" style=\"display: flex; flex-wrap: wrap;\"&gt;&lt;div id=\"i7331p\" class=\"col-lg-12 columnBlockLayout\" style=\"flex-grow: 1; display: flex; flex-direction: column; min-width: 250px; word-break: break-word; padding: 16px; margin: 60px 0px;\"&gt;{% entityform name: 'Information' %}&lt;/div&gt;&lt;/div&gt;\n&lt;/div&gt;\n",
  "publishingstateid": "b2990ee5-9cfa-4b2d-8a89-22cdf57d8f33",
  "enablerating": false,
  "enabletracking": false,
  "excludefromsearch": false,
  "hiddenfromsitemap": true,
  "sharedpageconfiguration": false,
  "feedbackpolicy": 756150000
}</content>
  <iscustomizable>1</iscustomizable>
  <name>Page</name>
  <powerpagecomponenttype>2</powerpagecomponenttype>
  <powerpagesiteid>
    <powerpagesiteid>837d24e8-7fdd-4eb8-90e4-1a89137ed881</powerpagesiteid>
  </powerpagesiteid>
  <powerpagesitelanguageid>
    <powerpagesitelanguageid>101f264f-e5b7-4212-aba6-4465d9bb3701</powerpagesitelanguageid>
  </powerpagesitelanguageid>
  <searchcontent>Page&lt;div id="ij0eel" class="row sectionBlockLayout text-start" style="display: flex; flex-wrap: wrap; margin: 0px; min-height: auto; padding: 8px;"&gt;
  &lt;div id="ik7b4h" class="container" style="display: flex; flex-wrap: wrap;"&gt;&lt;div id="i7331p" class="col-lg-12 columnBlockLayout" style="flex-grow: 1; display: flex; flex-direction: column; min-width: 250px; word-break: break-word; padding: 16px; margin: 60px 0px;"&gt;{% entityform name: 'Information' %}&lt;/div&gt;&lt;/div&gt;
&lt;/div&gt;
Page</searchcontent>
  <statecode>0</statecode>
  <statuscode>1</statuscode>
</powerpagecomponent>