<powerpagecomponent powerpagecomponentid="0550cf5f-37b4-ee11-a569-0022482d6c81">
  <content>{
  "partialurl": "favicon.ico",
  "excludefromsearch": false,
  "hiddenfromsitemap": false,
  "contentdisposition": 756150000,
  "publishingstateid": "223b296f-4977-4774-924c-19e26a31cacc",
  "parentpageid": "e740e969-cb91-4888-81ed-1a289bc99048"
}</content>
  <filecontent mimetype="image/x-icon">favicon.ico</filecontent>
  <iscustomizable>1</iscustomizable>
  <name>favicon.ico</name>
  <powerpagecomponenttype>3</powerpagecomponenttype>
  <powerpagesiteid>
    <powerpagesiteid>8ff28ff6-80b7-4da9-a1f5-bba77dca87e6</powerpagesiteid>
  </powerpagesiteid>
  <statecode>0</statecode>
  <statuscode>1</statuscode>
</powerpagecomponent>