<powerpagecomponent powerpagecomponentid="baf3d3c9-4cf8-e61e-eafc-bf42a94c7bdf">
  <content>{
  "displayorder": 2,
  "pagetemplateid": "d18dd816-9dbb-f011-bbd2-000d3a36bec8",
  "parentpageid": "8834415b-87ed-4c58-87e4-64597db26e99",
  "partialurl": "other-html-components",
  "isroot": true,
  "title": "Sample Html Components",
  "summary": "&lt;p&gt;This is a sample landing page designed to be a starting point for your website&lt;/p&gt;",
  "publishingstateid": "a259ce53-d63f-4da8-958d-f3581d35dbb5",
  "enablerating": false,
  "enabletracking": false,
  "excludefromsearch": false,
  "hiddenfromsitemap": true,
  "sharedpageconfiguration": false,
  "feedbackpolicy": 756150000
}</content>
  <iscustomizable>1</iscustomizable>
  <name>Other Html Components</name>
  <powerpagecomponenttype>2</powerpagecomponenttype>
  <powerpagesiteid>
    <powerpagesiteid>5107f9ea-7583-45b0-acff-ca5ebb48b93e</powerpagesiteid>
  </powerpagesiteid>
  <searchcontent>Sample Html ComponentsOther Html Components</searchcontent>
  <statecode>0</statecode>
  <statuscode>1</statuscode>
</powerpagecomponent>