<powerpagecomponent powerpagecomponentid="771e1630-955c-b421-d63a-232974a85970">
  <content>{
  "powerpagesitelanguageid": "101f264f-e5b7-4212-aba6-4465d9bb3701",
  "filecontent": null,
  "type": 756150000,
  "display_name": "Logo URL",
  "value": "/pp-small-logo-white.png"
}</content>
  <iscustomizable>1</iscustomizable>
  <name>Logo URL</name>
  <powerpagecomponenttype>7</powerpagecomponenttype>
  <powerpagesiteid>
    <powerpagesiteid>837d24e8-7fdd-4eb8-90e4-1a89137ed881</powerpagesiteid>
  </powerpagesiteid>
  <powerpagesitelanguageid>
    <powerpagesitelanguageid>101f264f-e5b7-4212-aba6-4465d9bb3701</powerpagesitelanguageid>
  </powerpagesitelanguageid>
  <statecode>0</statecode>
  <statuscode>1</statuscode>
</powerpagecomponent>