<powerpagecomponent powerpagecomponentid="a97febca-4e40-b9ea-d868-c31d7546dceb">
  <content>{
  "displayorder": 4,
  "weblinksetid": "5a91a124-5209-46c6-a0c2-6eec17bd1dd2",
  "pageid": "bf35eb2d-a65d-4c83-b119-78258c79b7fa",
  "publishingstateid": "6d114fc2-bbff-41a0-93e2-7e00f73b1531",
  "displaypagevalidation": false,
  "displayimageonly": false,
  "displaypagechildlinks": false,
  "openinnewwindow": false,
  "robotsfollowlink": true
}</content>
  <iscustomizable>1</iscustomizable>
  <name>Xrm Portal Library</name>
  <powerpagecomponenttype>5</powerpagecomponenttype>
  <powerpagesiteid>
    <powerpagesiteid>74d98b9e-9df8-4a46-87f0-afb16d25e531</powerpagesiteid>
  </powerpagesiteid>
  <statecode>0</statecode>
  <statuscode>1</statuscode>
</powerpagecomponent>