<powerpagecomponent powerpagecomponentid="ce82b6ad-101f-4189-985d-8eaea9db0498">
  <content>{"contentdisposition":756150000,"enabletracking":false,"excludefromsearch":false,"hiddenfromsitemap":false,"parentpageid":"e1acc288-92f1-4695-8aa5-7c4dc439f6bb","partialurl":"Product image 1.png","publishingstateid":"1363c145-fb5a-4fe8-aef1-6c9197cb44ed"}</content>
  <filecontent mimetype="application/octet-stream">Product image 1.png</filecontent>
  <iscustomizable>1</iscustomizable>
  <name>Product image 1.png</name>
  <powerpagecomponenttype>3</powerpagecomponenttype>
  <powerpagesiteid>
    <powerpagesiteid>7a7af223-c485-4e81-ab63-e7992354648d</powerpagesiteid>
  </powerpagesiteid>
  <statecode>0</statecode>
  <statuscode>1</statuscode>
</powerpagecomponent>