<powerpagecomponent powerpagecomponentid="ccc5890f-48ad-430e-8be0-e03720571501">
  <content>{"createdOn":"2024-01-15T20:38:17.148Z","parentpageid":"e740e969-cb91-4888-81ed-1a289bc99048","publishingstateid":"223b296f-4977-4774-924c-19e26a31cacc","partialurl":"main.css","title":"","summary":"","enabletracking":false,"excludefromsearch":false,"hiddenfromsitemap":false,"displayorder":3,"setHighestDisplayOrder":false}</content>
  <filecontent mimetype="text/css">main.css</filecontent>
  <iscustomizable>1</iscustomizable>
  <name>main.css</name>
  <powerpagecomponenttype>3</powerpagecomponenttype>
  <powerpagesiteid>
    <powerpagesiteid>8ff28ff6-80b7-4da9-a1f5-bba77dca87e6</powerpagesiteid>
  </powerpagesiteid>
  <statecode>0</statecode>
  <statuscode>1</statuscode>
</powerpagecomponent>