<powerpagecomponent powerpagecomponentid="49d9c3c5-3bb4-ee11-a569-0022482d6c81">
  <content>{
  "partialurl": "powerpagesplus-impact-main.js",
  "excludefromsearch": false,
  "hiddenfromsitemap": false,
  "contentdisposition": 756150000,
  "publishingstateid": "223b296f-4977-4774-924c-19e26a31cacc",
  "parentpageid": "e740e969-cb91-4888-81ed-1a289bc99048"
}</content>
  <filecontent mimetype="text/plain">powerpagesplus-impact-main.txt</filecontent>
  <iscustomizable>1</iscustomizable>
  <name>powerpagesplus-impact-main.js</name>
  <powerpagecomponenttype>3</powerpagecomponenttype>
  <powerpagesiteid>
    <powerpagesiteid>8ff28ff6-80b7-4da9-a1f5-bba77dca87e6</powerpagesiteid>
  </powerpagesiteid>
  <statecode>0</statecode>
  <statuscode>1</statuscode>
</powerpagecomponent>