<powerpagecomponent powerpagecomponentid="ac0cbca3-23bc-f011-bbd2-000d3a36bec8">
  <content>{
  "source": "{% manifest %} \r\n    { \r\n    \"type\": \"Functional\", \r\n    \"displayName\": \"Pages365 Ribbon\", \r\n    \"description\": \"This component displays FluentUI Like Ribbon bar with 'Back', 'New Record', 'Refresh', 'Print'\", \r\n    \"params\": [ \r\n        { \r\n        \"id\": \"showNewRecordLink\", \r\n        \"displayName\": \"Show New Record Link\", \r\n        \"description\": \"Display Ribbon Button to create New Record\" \r\n        }, \r\n        { \r\n        \"id\": \"newRecordLink\", \r\n        \"displayName\": \"New Record Link\", \r\n        \"description\": \"Url of the page used to create new record\" \r\n        }] \r\n    } \r\n{% endmanifest %} \r\n\r\n&lt;div class=\"row\"&gt;\r\n  &lt;div class=\"py-2\"&gt;\r\n    &lt;div class=\"d-flex align-items-center bg-white border rounded-3 shadow-sm px-2 py-1 flex-wrap gap-2\"&gt;\r\n      &lt;!-- Back --&gt;\r\n      &lt;div class=\"btn-group\"&gt;\r\n        &lt;button type=\"button\" data-bs-toggle=\"tooltip\" data-bs-title=\"Back\" class=\"btn btn-sm ribbon-btn\" onclick=\"history.back();\"&gt;\r\n          &lt;i class=\"fa-solid fa-arrow-left ribbon-icon text-secondary me-1\"&gt;&lt;/i&gt; Back\r\n        &lt;/button&gt;\r\n      &lt;/div&gt;\r\n      {% if showNewRecordLink %}\r\n      &lt;div class=\"vr mx-1\"&gt;&lt;/div&gt;\r\n      &lt;!-- Record actions --&gt;\r\n      &lt;div class=\"btn-group\"&gt;\r\n        &lt;a type=\"button\" class=\"btn btn-sm ribbon-btn\" href=\"{{newRecordLink}}\"&gt;&lt;i class=\"fa-solid fa-plus ribbon-icon text-success me-1\"&gt;&lt;/i&gt; New&lt;/a&gt;\r\n      &lt;/div&gt;\r\n      {% endif %}\r\n      &lt;div class=\"vr mx-1\"&gt;&lt;/div&gt;\r\n      &lt;!-- Utilities --&gt;\r\n      &lt;div class=\"btn-group\"&gt;\r\n        &lt;button type=\"button\" class=\"btn btn-sm ribbon-btn\" onclick=\"location.reload();\"&gt;&lt;i class=\"fa-solid fa-rotate-right ribbon-icon text-secondary me-1\"&gt;&lt;/i&gt; Refresh&lt;/button&gt;\r\n        &lt;button type=\"button\" class=\"btn btn-sm ribbon-btn\" onclick=\"window.print();\"&gt;&lt;i class=\"fa-solid fa-print ribbon-icon text-secondary me-1\"&gt;&lt;/i&gt; Print&lt;/button&gt;\r\n      &lt;/div&gt;\r\n    &lt;/div&gt;\r\n  &lt;/div&gt;\r\n&lt;/div&gt;"
}</content>
  <iscustomizable>1</iscustomizable>
  <name>Page365 Ribbon</name>
  <powerpagecomponenttype>8</powerpagecomponenttype>
  <powerpagesiteid>
    <powerpagesiteid>5107f9ea-7583-45b0-acff-ca5ebb48b93e</powerpagesiteid>
  </powerpagesiteid>
  <statecode>0</statecode>
  <statuscode>1</statuscode>
</powerpagecomponent>