<powerpagecomponent powerpagecomponentid="bbc67a8f-4f85-4acb-a4df-d21863720eba">
  <content>{"source":"{% assign title = title | default: page.title %}\r\n\r\n&lt;ul class=\"breadcrumb\"&gt;\r\n  {% for crumb in page.breadcrumbs -%}\r\n    &lt;li class=\"breadcrumb-item\"&gt;\r\n      &lt;a href=\"{{ crumb.url | h }}\" title=\"{{ crumb.title | h }}\"&gt;{{ crumb.title | truncate: 24 | h }}&lt;/a&gt;\r\n    &lt;/li&gt;\r\n  {% endfor -%}\r\n    &lt;li class=\" breadcrumb-item active\"&gt;{% block activebreadcrumb %}{{ title | h }}{% endblock %}&lt;/li&gt;\r\n&lt;/ul&gt;"}</content>
  <iscustomizable>1</iscustomizable>
  <name>Breadcrumbs</name>
  <powerpagecomponenttype>8</powerpagecomponenttype>
  <powerpagesiteid>
    <powerpagesiteid>5107f9ea-7583-45b0-acff-ca5ebb48b93e</powerpagesiteid>
  </powerpagesiteid>
  <statecode>0</statecode>
  <statuscode>1</statuscode>
</powerpagecomponent>