<powerpagecomponent powerpagecomponentid="dcc4318f-70b4-43ee-a92e-711b0b096c8e">
  <content>{"enabletracking":false,"excludefromsearch":false,"hiddenfromsitemap":false,"parentpageid":"9f83f7a2-22f5-4649-a269-74a699a16001","partialurl":"Logo-sm-64.png","publishingstateid":"b2990ee5-9cfa-4b2d-8a89-22cdf57d8f33"}</content>
  <filecontent mimetype="application/octet-stream">Logo-sm-64.png</filecontent>
  <iscustomizable>1</iscustomizable>
  <name>Logo-sm-64.png</name>
  <powerpagecomponenttype>3</powerpagecomponenttype>
  <powerpagesiteid>
    <powerpagesiteid>837d24e8-7fdd-4eb8-90e4-1a89137ed881</powerpagesiteid>
  </powerpagesiteid>
  <statecode>0</statecode>
  <statuscode>1</statuscode>
</powerpagecomponent>