<powerpagecomponent powerpagecomponentid="7a531448-daf4-4d98-90ac-a4ee7c7918d5">
  <content>{"createdOn":"2023-11-09T20:46:22.030Z","parentpageid":"e1acc288-92f1-4695-8aa5-7c4dc439f6bb","publishingstateid":"1363c145-fb5a-4fe8-aef1-6c9197cb44ed","partialurl":"powerpagesplus-white-starter.css","title":"","summary":"","enabletracking":false,"excludefromsearch":false,"hiddenfromsitemap":false,"displayorder":3,"setHighestDisplayOrder":false}</content>
  <filecontent mimetype="text/css">powerpagesplus-white-starter.css</filecontent>
  <iscustomizable>1</iscustomizable>
  <name>powerpagesplus-white-starter.css</name>
  <powerpagecomponenttype>3</powerpagecomponenttype>
  <powerpagesiteid>
    <powerpagesiteid>7a7af223-c485-4e81-ab63-e7992354648d</powerpagesiteid>
  </powerpagesiteid>
  <statecode>0</statecode>
  <statuscode>1</statuscode>
</powerpagecomponent>