<powerpagecomponent powerpagecomponentid="04caaefd-566b-445a-a302-c4664b316d6f">
  <content>{"createdOn":"2023-11-09T20:39:24.686Z","parentpageid":"e1acc288-92f1-4695-8aa5-7c4dc439f6bb","publishingstateid":"1363c145-fb5a-4fe8-aef1-6c9197cb44ed","partialurl":"row.png","title":"","summary":"","enabletracking":false,"excludefromsearch":false,"hiddenfromsitemap":false}</content>
  <filecontent mimetype="image/png">row.png</filecontent>
  <iscustomizable>1</iscustomizable>
  <name>row.png</name>
  <powerpagecomponenttype>3</powerpagecomponenttype>
  <powerpagesiteid>
    <powerpagesiteid>7a7af223-c485-4e81-ab63-e7992354648d</powerpagesiteid>
  </powerpagesiteid>
  <statecode>0</statecode>
  <statuscode>1</statuscode>
</powerpagecomponent>