<powerpagecomponent powerpagecomponentid="de8bbf12-f860-a9b1-eacb-5481b0539d48">
  <content>{
  "powerpagesitelanguageid": "f0033b08-30b3-4459-925b-b3e9822640db",
  "type": 756150000,
  "display_name": "Logo alt text",
  "value": "Contoso Limited"
}</content>
  <iscustomizable>1</iscustomizable>
  <name>Logo alt text</name>
  <powerpagecomponenttype>7</powerpagecomponenttype>
  <powerpagesiteid>
    <powerpagesiteid>74d98b9e-9df8-4a46-87f0-afb16d25e531</powerpagesiteid>
  </powerpagesiteid>
  <powerpagesitelanguageid>
    <powerpagesitelanguageid>f0033b08-30b3-4459-925b-b3e9822640db</powerpagesitelanguageid>
  </powerpagesitelanguageid>
  <statecode>0</statecode>
  <statuscode>1</statuscode>
</powerpagecomponent>