<powerpagecomponent powerpagecomponentid="bf35eb2d-a65d-4c83-b119-78258c79b7fa">
  <content>{
  "displayorder": 4,
  "customcss": "",
  "customjavascript": "",
  "pagetemplateid": "38cb18ab-3441-4a11-8a4a-c2b4982647ce",
  "parentpageid": "bb799056-69d8-4584-9118-f2467f0f6234",
  "partialurl": "Xrm-Portal-Library",
  "isroot": true,
  "title": "Xrm Portal Library",
  "summary": "&lt;p&gt;This is a sample landing page designed to be a starting point for your website&lt;/p&gt;",
  "copy": "",
  "publishingstateid": "6d114fc2-bbff-41a0-93e2-7e00f73b1531",
  "enablerating": false,
  "enabletracking": false,
  "excludefromsearch": false,
  "hiddenfromsitemap": true,
  "sharedpageconfiguration": false
}</content>
  <iscustomizable>1</iscustomizable>
  <name>Xrm Portal Library</name>
  <powerpagecomponenttype>2</powerpagecomponenttype>
  <powerpagesiteid>
    <powerpagesiteid>74d98b9e-9df8-4a46-87f0-afb16d25e531</powerpagesiteid>
  </powerpagesiteid>
  <searchcontent>Xrm Portal LibraryXrm Portal Library</searchcontent>
  <statecode>0</statecode>
  <statuscode>1</statuscode>
</powerpagecomponent>