<powerpagecomponent powerpagecomponentid="f6077fe0-6166-e20a-8522-f9a61f6457d6">
  <content>{
  "copy": "&lt;div class=\"row\"&gt;\n\n  &lt;!-- First Column --&gt;\n  &lt;div class=\"col-lg-4\"&gt;\n\n      &lt;!-- Custom Text Color Utilities --&gt;\n      &lt;div class=\"card shadow mb-4\"&gt;\n          &lt;div class=\"card-header py-3\"&gt;\n              &lt;h6 class=\"m-0 font-weight-bold text-primary\"&gt;Custom Text Color Utilities&lt;/h6&gt;\n          &lt;/div&gt;\n          &lt;div class=\"card-body\"&gt;\n              &lt;p class=\"text-gray-100 p-3 bg-dark m-0\"&gt;.text-gray-100&lt;/p&gt;\n              &lt;p class=\"text-gray-200 p-3 bg-dark m-0\"&gt;.text-gray-200&lt;/p&gt;\n              &lt;p class=\"text-gray-300 p-3 bg-dark m-0\"&gt;.text-gray-300&lt;/p&gt;\n              &lt;p class=\"text-gray-400 p-3 bg-dark m-0\"&gt;.text-gray-400&lt;/p&gt;\n              &lt;p class=\"text-gray-500 p-3 m-0\"&gt;.text-gray-500&lt;/p&gt;\n              &lt;p class=\"text-gray-600 p-3 m-0\"&gt;.text-gray-600&lt;/p&gt;\n              &lt;p class=\"text-gray-700 p-3 m-0\"&gt;.text-gray-700&lt;/p&gt;\n              &lt;p class=\"text-gray-800 p-3 m-0\"&gt;.text-gray-800&lt;/p&gt;\n              &lt;p class=\"text-gray-900 p-3 m-0\"&gt;.text-gray-900&lt;/p&gt;\n          &lt;/div&gt;\n      &lt;/div&gt;\n\n      &lt;!-- Custom Font Size Utilities --&gt;\n      &lt;div class=\"card shadow mb-4\"&gt;\n          &lt;div class=\"card-header py-3\"&gt;\n              &lt;h6 class=\"m-0 font-weight-bold text-primary\"&gt;Custom Font Size Utilities&lt;/h6&gt;\n          &lt;/div&gt;\n          &lt;div class=\"card-body\"&gt;\n              &lt;p class=\"text-xs\"&gt;.text-xs&lt;/p&gt;\n              &lt;p class=\"text-lg mb-0\"&gt;.text-lg&lt;/p&gt;\n          &lt;/div&gt;\n      &lt;/div&gt;\n\n  &lt;/div&gt;\n\n  &lt;!-- Second Column --&gt;\n  &lt;div class=\"col-lg-4\"&gt;\n\n      &lt;!-- Background Gradient Utilities --&gt;\n      &lt;div class=\"card shadow mb-4\"&gt;\n          &lt;div class=\"card-header py-3\"&gt;\n              &lt;h6 class=\"m-0 font-weight-bold text-primary\"&gt;Custom Background Gradient Utilities\n              &lt;/h6&gt;\n          &lt;/div&gt;\n          &lt;div class=\"card-body\"&gt;\n              &lt;div class=\"px-3 py-5 bg-gradient-primary text-white\"&gt;.bg-gradient-primary&lt;/div&gt;\n              &lt;div class=\"px-3 py-5 bg-gradient-secondary text-white\"&gt;.bg-gradient-secondary&lt;/div&gt;\n              &lt;div class=\"px-3 py-5 bg-gradient-success text-white\"&gt;.bg-gradient-success&lt;/div&gt;\n              &lt;div class=\"px-3 py-5 bg-gradient-info text-white\"&gt;.bg-gradient-info&lt;/div&gt;\n              &lt;div class=\"px-3 py-5 bg-gradient-warning text-white\"&gt;.bg-gradient-warning&lt;/div&gt;\n              &lt;div class=\"px-3 py-5 bg-gradient-danger text-white\"&gt;.bg-gradient-danger&lt;/div&gt;\n              &lt;div class=\"px-3 py-5 bg-gradient-light text-white\"&gt;.bg-gradient-light&lt;/div&gt;\n              &lt;div class=\"px-3 py-5 bg-gradient-dark text-white\"&gt;.bg-gradient-dark&lt;/div&gt;\n          &lt;/div&gt;\n      &lt;/div&gt;\n\n  &lt;/div&gt;\n\n  &lt;!-- Third Column --&gt;\n  &lt;div class=\"col-lg-4\"&gt;\n\n      &lt;!-- Grayscale Utilities --&gt;\n      &lt;div class=\"card shadow mb-4\"&gt;\n          &lt;div class=\"card-header py-3\"&gt;\n              &lt;h6 class=\"m-0 font-weight-bold text-primary\"&gt;Custom Grayscale Background Utilities\n              &lt;/h6&gt;\n          &lt;/div&gt;\n          &lt;div class=\"card-body\"&gt;\n              &lt;div class=\"p-3 bg-gray-100\"&gt;.bg-gray-100&lt;/div&gt;\n              &lt;div class=\"p-3 bg-gray-200\"&gt;.bg-gray-200&lt;/div&gt;\n              &lt;div class=\"p-3 bg-gray-300\"&gt;.bg-gray-300&lt;/div&gt;\n              &lt;div class=\"p-3 bg-gray-400\"&gt;.bg-gray-400&lt;/div&gt;\n              &lt;div class=\"p-3 bg-gray-500 text-white\"&gt;.bg-gray-500&lt;/div&gt;\n              &lt;div class=\"p-3 bg-gray-600 text-white\"&gt;.bg-gray-600&lt;/div&gt;\n              &lt;div class=\"p-3 bg-gray-700 text-white\"&gt;.bg-gray-700&lt;/div&gt;\n              &lt;div class=\"p-3 bg-gray-800 text-white\"&gt;.bg-gray-800&lt;/div&gt;\n              &lt;div class=\"p-3 bg-gray-900 text-white\"&gt;.bg-gray-900&lt;/div&gt;\n          &lt;/div&gt;\n      &lt;/div&gt;\n  &lt;/div&gt;\n\n&lt;/div&gt;\n&lt;div id=\"ibvmrt\" class=\"row sectionBlockLayout text-start\" style=\"display: flex; flex-wrap: wrap; margin: 0px; min-height: auto; padding: 8px;\"&gt;\n  &lt;div id=\"icaav1\" class=\"container\" style=\"display: flex; flex-wrap: wrap;\"&gt;&lt;div id=\"ioegyl\" class=\"col-lg-12 columnBlockLayout\" style=\"flex-grow: 1; display: flex; flex-direction: column; min-width: 250px; word-break: break-word; padding: 16px; margin: 60px 0px;\"&gt;&lt;/div&gt;&lt;/div&gt;\n&lt;/div&gt;\n",
  "displayorder": 7,
  "enablerating": false,
  "enabletracking": false,
  "excludefromsearch": false,
  "hiddenfromsitemap": true,
  "isroot": false,
  "pagetemplateid": "733a5ff4-23d1-ee11-904c-000d3a0a0ba3",
  "parentpageid": "8767d10a-f954-ea97-7e0f-f93afe5870d4",
  "partialurl": "colors",
  "publishingstateid": "b2990ee5-9cfa-4b2d-8a89-22cdf57d8f33",
  "rootwebpageid": "a4d99820-bab1-7ad5-e62b-fb3dcf8ca798",
  "sharedpageconfiguration": false,
  "summary": "&lt;p&gt;This is a sample landing page designed to be a starting point for your website&lt;/p&gt;",
  "title": "Colors"
}</content>
  <iscustomizable>1</iscustomizable>
  <name>Colors</name>
  <powerpagecomponenttype>2</powerpagecomponenttype>
  <powerpagesiteid>
    <powerpagesiteid>837d24e8-7fdd-4eb8-90e4-1a89137ed881</powerpagesiteid>
  </powerpagesiteid>
  <powerpagesitelanguageid>
    <powerpagesitelanguageid>101f264f-e5b7-4212-aba6-4465d9bb3701</powerpagesitelanguageid>
  </powerpagesitelanguageid>
  <searchcontent>Colors&lt;div class="row"&gt;

  &lt;!-- First Column --&gt;
  &lt;div class="col-lg-4"&gt;

      &lt;!-- Custom Text Color Utilities --&gt;
      &lt;div class="card shadow mb-4"&gt;
          &lt;div class="card-header py-3"&gt;
              &lt;h6 class="m-0 font-weight-bold text-primary"&gt;Custom Text Color Utilities&lt;/h6&gt;
          &lt;/div&gt;
          &lt;div class="card-body"&gt;
              &lt;p class="text-gray-100 p-3 bg-dark m-0"&gt;.text-gray-100&lt;/p&gt;
              &lt;p class="text-gray-200 p-3 bg-dark m-0"&gt;.text-gray-200&lt;/p&gt;
              &lt;p class="text-gray-300 p-3 bg-dark m-0"&gt;.text-gray-300&lt;/p&gt;
              &lt;p class="text-gray-400 p-3 bg-dark m-0"&gt;.text-gray-400&lt;/p&gt;
              &lt;p class="text-gray-500 p-3 m-0"&gt;.text-gray-500&lt;/p&gt;
              &lt;p class="text-gray-600 p-3 m-0"&gt;.text-gray-600&lt;/p&gt;
              &lt;p class="text-gray-700 p-3 m-0"&gt;.text-gray-700&lt;/p&gt;
              &lt;p class="text-gray-800 p-3 m-0"&gt;.text-gray-800&lt;/p&gt;
              &lt;p class="text-gray-900 p-3 m-0"&gt;.text-gray-900&lt;/p&gt;
          &lt;/div&gt;
      &lt;/div&gt;

      &lt;!-- Custom Font Size Utilities --&gt;
      &lt;div class="card shadow mb-4"&gt;
          &lt;div class="card-header py-3"&gt;
              &lt;h6 class="m-0 font-weight-bold text-primary"&gt;Custom Font Size Utilities&lt;/h6&gt;
          &lt;/div&gt;
          &lt;div class="card-body"&gt;
              &lt;p class="text-xs"&gt;.text-xs&lt;/p&gt;
              &lt;p class="text-lg mb-0"&gt;.text-lg&lt;/p&gt;
          &lt;/div&gt;
      &lt;/div&gt;

  &lt;/div&gt;

  &lt;!-- Second Column --&gt;
  &lt;div class="col-lg-4"&gt;

      &lt;!-- Background Gradient Utilities --&gt;
      &lt;div class="card shadow mb-4"&gt;
          &lt;div class="card-header py-3"&gt;
              &lt;h6 class="m-0 font-weight-bold text-primary"&gt;Custom Background Gradient Utilities
              &lt;/h6&gt;
          &lt;/div&gt;
          &lt;div class="card-body"&gt;
              &lt;div class="px-3 py-5 bg-gradient-primary text-white"&gt;.bg-gradient-primary&lt;/div&gt;
              &lt;div class="px-3 py-5 bg-gradient-secondary text-white"&gt;.bg-gradient-secondary&lt;/div&gt;
              &lt;div class="px-3 py-5 bg-gradient-success text-white"&gt;.bg-gradient-success&lt;/div&gt;
              &lt;div class="px-3 py-5 bg-gradient-info text-white"&gt;.bg-gradient-info&lt;/div&gt;
              &lt;div class="px-3 py-5 bg-gradient-warning text-white"&gt;.bg-gradient-warning&lt;/div&gt;
              &lt;div class="px-3 py-5 bg-gradient-danger text-white"&gt;.bg-gradient-danger&lt;/div&gt;
              &lt;div class="px-3 py-5 bg-gradient-light text-white"&gt;.bg-gradient-light&lt;/div&gt;
              &lt;div class="px-3 py-5 bg-gradient-dark text-white"&gt;.bg-gradient-dark&lt;/div&gt;
          &lt;/div&gt;
      &lt;/div&gt;

  &lt;/div&gt;

  &lt;!-- Third Column --&gt;
  &lt;div class="col-lg-4"&gt;

      &lt;!-- Grayscale Utilities --&gt;
      &lt;div class="card shadow mb-4"&gt;
          &lt;div class="card-header py-3"&gt;
              &lt;h6 class="m-0 font-weight-bold text-primary"&gt;Custom Grayscale Background Utilities
              &lt;/h6&gt;
          &lt;/div&gt;
          &lt;div class="card-body"&gt;
              &lt;div class="p-3 bg-gray-100"&gt;.bg-gray-100&lt;/div&gt;
              &lt;div class="p-3 bg-gray-200"&gt;.bg-gray-200&lt;/div&gt;
              &lt;div class="p-3 bg-gray-300"&gt;.bg-gray-300&lt;/div&gt;
              &lt;div class="p-3 bg-gray-400"&gt;.bg-gray-400&lt;/div&gt;
              &lt;div class="p-3 bg-gray-500 text-white"&gt;.bg-gray-500&lt;/div&gt;
              &lt;div class="p-3 bg-gray-600 text-white"&gt;.bg-gray-600&lt;/div&gt;
              &lt;div class="p-3 bg-gray-700 text-white"&gt;.bg-gray-700&lt;/div&gt;
              &lt;div class="p-3 bg-gray-800 text-white"&gt;.bg-gray-800&lt;/div&gt;
              &lt;div class="p-3 bg-gray-900 text-white"&gt;.bg-gray-900&lt;/div&gt;
          &lt;/div&gt;
      &lt;/div&gt;
  &lt;/div&gt;

&lt;/div&gt;
&lt;div id="ibvmrt" class="row sectionBlockLayout text-start" style="display: flex; flex-wrap: wrap; margin: 0px; min-height: auto; padding: 8px;"&gt;
  &lt;div id="icaav1" class="container" style="display: flex; flex-wrap: wrap;"&gt;&lt;div id="ioegyl" class="col-lg-12 columnBlockLayout" style="flex-grow: 1; display: flex; flex-direction: column; min-width: 250px; word-break: break-word; padding: 16px; margin: 60px 0px;"&gt;&lt;/div&gt;&lt;/div&gt;
&lt;/div&gt;
Colors</searchcontent>
  <statecode>0</statecode>
  <statuscode>1</statuscode>
</powerpagecomponent>