<powerpagecomponent powerpagecomponentid="51a262a2-bd87-401d-bd7e-33f4c13b9c31">
  <content>{"disablepagevalidation":false,"displayimageonly":false,"displayorder":1,"displaypagechildlinks":false,"openinnewwindow":false,"pageid":"a03f4c85-2cfa-457b-926b-0efa463774e9","parentweblinkid":"8828182e-872a-459c-93be-8fee68fe6add","publishingstateid":"1363c145-fb5a-4fe8-aef1-6c9197cb44ed","robotsfollowlink":true,"weblinksetid":"b0ed1a2d-032a-4592-8048-2a8085247a8d"}</content>
  <iscustomizable>1</iscustomizable>
  <name>Subpage one</name>
  <powerpagecomponenttype>5</powerpagecomponenttype>
  <powerpagesiteid>
    <powerpagesiteid>7a7af223-c485-4e81-ab63-e7992354648d</powerpagesiteid>
  </powerpagesiteid>
  <statecode>0</statecode>
  <statuscode>1</statuscode>
</powerpagecomponent>