<powerpagecomponent powerpagecomponentid="2c462db2-7fba-462d-a940-31170eb00db6">
  <content>{"display_name":"Search/Results Title","value":"Results for {{ request.params.q }}"}</content>
  <iscustomizable>1</iscustomizable>
  <name>Search/ResultsTitle</name>
  <powerpagecomponenttype>7</powerpagecomponenttype>
  <powerpagesiteid>
    <powerpagesiteid>837d24e8-7fdd-4eb8-90e4-1a89137ed881</powerpagesiteid>
  </powerpagesiteid>
  <powerpagesitelanguageid>
    <powerpagesitelanguageid>101f264f-e5b7-4212-aba6-4465d9bb3701</powerpagesitelanguageid>
  </powerpagesitelanguageid>
  <statecode>0</statecode>
  <statuscode>1</statuscode>
</powerpagecomponent>