<powerpagecomponent powerpagecomponentid="05436cf6-6562-4a0e-80c9-2d2e0d626337">
  <content>{"description":"Setting controls whether attachments will be displayed on Knowledge articles","value":"false"}</content>
  <iscustomizable>1</iscustomizable>
  <name>KnowledgeManagement/DisplayNotes</name>
  <powerpagecomponenttype>9</powerpagecomponenttype>
  <powerpagesiteid>
    <powerpagesiteid>5107f9ea-7583-45b0-acff-ca5ebb48b93e</powerpagesiteid>
  </powerpagesiteid>
  <statecode>0</statecode>
  <statuscode>1</statuscode>
</powerpagecomponent>