<powerpagecomponent powerpagecomponentid="38339f3b-3708-4c6b-9cc7-62d1cf34bf4c">
  <content>{"enabletracking":false,"excludefromsearch":false,"hiddenfromsitemap":false,"parentpageid":"e740e969-cb91-4888-81ed-1a289bc99048","partialurl":"Cat-PC.png","publishingstateid":"223b296f-4977-4774-924c-19e26a31cacc"}</content>
  <filecontent mimetype="application/octet-stream">Cat-PC.png</filecontent>
  <iscustomizable>1</iscustomizable>
  <name>Cat-PC.png</name>
  <powerpagecomponenttype>3</powerpagecomponenttype>
  <powerpagesiteid>
    <powerpagesiteid>8ff28ff6-80b7-4da9-a1f5-bba77dca87e6</powerpagesiteid>
  </powerpagesiteid>
  <statecode>0</statecode>
  <statuscode>1</statuscode>
</powerpagecomponent>