<powerpagecomponent powerpagecomponentid="401fedab-ad4a-47aa-9f22-b76d3c394b7a">
  <content>{"displayorder":1,"enabletracking":false,"excludefromsearch":true,"hiddenfromsitemap":true,"parentpageid":"8834415b-87ed-4c58-87e4-64597db26e99","partialurl":"bootstrap.min.css","publishingstateid":"a259ce53-d63f-4da8-958d-f3581d35dbb5"}</content>
  <filecontent mimetype="application/octet-stream">bootstrap.min.css</filecontent>
  <iscustomizable>1</iscustomizable>
  <name>bootstrap.min.css</name>
  <powerpagecomponenttype>3</powerpagecomponenttype>
  <powerpagesiteid>
    <powerpagesiteid>5107f9ea-7583-45b0-acff-ca5ebb48b93e</powerpagesiteid>
  </powerpagesiteid>
  <statecode>0</statecode>
  <statuscode>1</statuscode>
</powerpagecomponent>