<powerpagecomponent powerpagecomponentid="62bfeca2-26bc-f011-bbd2-000d3a36bec8">
  <content>{
  "title": "Sidebar Navigation",
  "display_name": "Sidebar Navigation",
  "publishingstateid": "a259ce53-d63f-4da8-958d-f3581d35dbb5"
}</content>
  <iscustomizable>1</iscustomizable>
  <name>Sidebar Navigation</name>
  <powerpagecomponenttype>4</powerpagecomponenttype>
  <powerpagesiteid>
    <powerpagesiteid>5107f9ea-7583-45b0-acff-ca5ebb48b93e</powerpagesiteid>
  </powerpagesiteid>
  <powerpagesitelanguageid>
    <powerpagesitelanguageid>8fd9634f-9a4a-45b1-84b8-5f5217c251de</powerpagesitelanguageid>
  </powerpagesitelanguageid>
  <statecode>0</statecode>
  <statuscode>1</statuscode>
</powerpagecomponent>