<powerpagecomponent powerpagecomponentid="c1b819e1-98bb-f011-bbd2-000d3a36bec8">
  <content>{"botschemaname":"cr706_6d99c545-8d28-4128-8fe2-0d7e7406c14a","configjson":"{\"skillConfigViewName\":\"Pages 365 Starter bot Answers\"}"}</content>
  <iscustomizable>1</iscustomizable>
  <name>Bot Consumer</name>
  <powerpagecomponenttype>27</powerpagecomponenttype>
  <powerpagesiteid>
    <powerpagesiteid>5107f9ea-7583-45b0-acff-ca5ebb48b93e</powerpagesiteid>
  </powerpagesiteid>
  <statecode>0</statecode>
  <statuscode>1</statuscode>
</powerpagecomponent>