<powerpagecomponent powerpagecomponentid="dd17476c-6ce9-4ec0-9c69-1b9fbfa98f4c">
  <content>{"createdOn":"2024-01-16T07:04:07.319Z","parentpageid":"e740e969-cb91-4888-81ed-1a289bc99048","publishingstateid":"223b296f-4977-4774-924c-19e26a31cacc","partialurl":"cta-bg.jpg","title":"","summary":"","enabletracking":false,"excludefromsearch":false,"hiddenfromsitemap":false}</content>
  <filecontent mimetype="image/jpeg">cta-bg.jpg</filecontent>
  <iscustomizable>1</iscustomizable>
  <name>cta-bg.jpg</name>
  <powerpagecomponenttype>3</powerpagecomponenttype>
  <powerpagesiteid>
    <powerpagesiteid>8ff28ff6-80b7-4da9-a1f5-bba77dca87e6</powerpagesiteid>
  </powerpagesiteid>
  <statecode>0</statecode>
  <statuscode>1</statuscode>
</powerpagecomponent>