<powerpagecomponent powerpagecomponentid="3afad26f-62f1-ee11-a1fd-0022486d9037">
  <content>{
  "displayimageonly": false,
  "displaypagechildlinks": false,
  "disablepagevalidation": false,
  "openinnewwindow": false,
  "robotsfollowlink": true,
  "publishingstateid": "b2990ee5-9cfa-4b2d-8a89-22cdf57d8f33",
  "weblinksetid": "2e60c067-61f1-ee11-a1fd-0022486d9037",
  "parentweblinkid": "d231b4fe-61f1-ee11-a1fd-0022486d9037",
  "pageid": "a4d99820-bab1-7ad5-e62b-fb3dcf8ca798",
  "displayorder": 2
}</content>
  <iscustomizable>1</iscustomizable>
  <name>Colors</name>
  <powerpagecomponenttype>5</powerpagecomponenttype>
  <powerpagesiteid>
    <powerpagesiteid>837d24e8-7fdd-4eb8-90e4-1a89137ed881</powerpagesiteid>
  </powerpagesiteid>
  <statecode>0</statecode>
  <statuscode>1</statuscode>
</powerpagecomponent>