<powerpagecomponent powerpagecomponentid="3fa5f1a3-659b-4bbd-9bf4-9528e4eebf1e">
  <content>{"enablerating":false,"enabletracking":false,"excludefromsearch":false,"hiddenfromsitemap":true,"isroot":true,"pagetemplateid":"1aa2110f-a504-49ef-aa80-403b297eee0d","parentpageid":"9f83f7a2-22f5-4649-a269-74a699a16001","partialurl":"profile","publishingstateid":"b2990ee5-9cfa-4b2d-8a89-22cdf57d8f33","sharedpageconfiguration":false,"title":"Profile"}</content>
  <iscustomizable>1</iscustomizable>
  <name>Profile</name>
  <powerpagecomponenttype>2</powerpagecomponenttype>
  <powerpagesiteid>
    <powerpagesiteid>837d24e8-7fdd-4eb8-90e4-1a89137ed881</powerpagesiteid>
  </powerpagesiteid>
  <searchcontent>ProfileProfile</searchcontent>
  <statecode>0</statecode>
  <statuscode>1</statuscode>
</powerpagecomponent>