<powerpagecomponent powerpagecomponentid="4167baca-330c-4005-8dde-dd1fd1ea644b">
  <content>{"source":"&lt;div class=\"container\"&gt;\r\n &lt;div class=\"page-heading\"&gt;\r\n  {% block breadcrumbs %}\r\n      {% include 'Breadcrumbs' %}\r\n    {% endblock %}\r\n  {% block title %}\r\n    {% include 'Page Header' %}\r\n  {% endblock %}\r\n &lt;/div&gt;\r\n &lt;div class=\"row\"&gt;\r\n  &lt;div class=\"col-md-8 col-xl-8 left-column\"&gt;\r\n   {% block main %}\r\n    {% include 'Page Copy' %}\r\n   {% endblock %}\r\n  &lt;/div&gt;\r\n  &lt;div class=\"col-md-4 col-xl-4 right-column\"&gt;\r\n   {% block aside %}{% endblock %}\r\n  &lt;/div&gt;\r\n &lt;/div&gt;\r\n&lt;/div&gt;"}</content>
  <iscustomizable>1</iscustomizable>
  <name>Layout 2 Column Wide Left</name>
  <powerpagecomponenttype>8</powerpagecomponenttype>
  <powerpagesiteid>
    <powerpagesiteid>7a7af223-c485-4e81-ab63-e7992354648d</powerpagesiteid>
  </powerpagesiteid>
  <statecode>0</statecode>
  <statuscode>1</statuscode>
</powerpagecomponent>