<powerpagesitelanguages>
  <powerpagesitelanguage powerpagesitelanguageid="b4348126-7331-4aba-9433-aeec62e6a943">
    <content>{"publishingstate":"223b296f-4977-4774-924c-19e26a31cacc","systemlanguage":1033}</content>
    <displayname>English</displayname>
    <iscustomizable>1</iscustomizable>
    <languagecode>en-US</languagecode>
    <lcid>1033</lcid>
    <name>English</name>
    <powerpagesiteid>
      <powerpagesiteid>8ff28ff6-80b7-4da9-a1f5-bba77dca87e6</powerpagesiteid>
    </powerpagesiteid>
    <statecode>0</statecode>
    <statuscode>1</statuscode>
  </powerpagesitelanguage>
</powerpagesitelanguages>