<powerpagesites>
  <powerpagesite powerpagesiteid="8ff28ff6-80b7-4da9-a1f5-bba77dca87e6">
    <content>{"defaultlanguage":"b4348126-7331-4aba-9433-aeec62e6a943","footerwebtemplateid":"2363a087-1e4d-433f-9833-549af56db79c","headerwebtemplateid":"f6b90d82-88ef-411a-a877-d14747613490","statecode":0,"statuscode":1,"website_language":1033}</content>
    <datamodelversion>2.0</datamodelversion>
    <iscustomizable>1</iscustomizable>
    <name>Power Pages Plus Impact - Power-Pages-Plus-Impact</name>
    <primarydomainname>Power-Pages-Plus-Impact.powerappsportals.com</primarydomainname>
    <statecode>0</statecode>
    <statuscode>1</statuscode>
  </powerpagesite>
</powerpagesites>