<powerpagecomponent powerpagecomponentid="3a14e713-682b-4475-962e-22e3c67e6934">
  <content>{"disablepagevalidation":false,"displayimageonly":false,"displayorder":1,"displaypagechildlinks":false,"openinnewwindow":false,"pageid":"b47bc93a-004e-4b48-a828-4e80b656567a","publishingstateid":"223b296f-4977-4774-924c-19e26a31cacc","robotsfollowlink":true,"weblinksetid":"bb369dc9-a418-4927-96fa-586290ba88b5"}</content>
  <iscustomizable>1</iscustomizable>
  <name>Profile</name>
  <powerpagecomponenttype>5</powerpagecomponenttype>
  <powerpagesiteid>
    <powerpagesiteid>8ff28ff6-80b7-4da9-a1f5-bba77dca87e6</powerpagesiteid>
  </powerpagesiteid>
  <statecode>0</statecode>
  <statuscode>1</statuscode>
</powerpagecomponent>