<powerpagecomponent powerpagecomponentid="988d4f06-114b-65bf-1003-e07fdef38ca7">
  <content>{"summary":"BLUE_DESCRIPTION","publishingstateid":"1363c145-fb5a-4fe8-aef1-6c9197cb44ed","partialurl":"BLUE-1.scss","parentpageid":"e1acc288-92f1-4695-8aa5-7c4dc439f6bb"}</content>
  <filecontent mimetype="application/octet-stream">BLUE%20(1)</filecontent>
  <iscustomizable>1</iscustomizable>
  <name>BLUE (1)</name>
  <powerpagecomponenttype>3</powerpagecomponenttype>
  <powerpagesiteid>
    <powerpagesiteid>7a7af223-c485-4e81-ab63-e7992354648d</powerpagesiteid>
  </powerpagesiteid>
  <statecode>0</statecode>
  <statuscode>1</statuscode>
</powerpagecomponent>