<powerpagecomponent powerpagecomponentid="e7c7a0ef-dbfd-ee11-9f89-0022486d9037">
  <content>{
  "value": "&lt;script&gt;\n  $(\"#content-container\").removeClass(\"container\").addClass(\"fluid-container signinpage register\");\n  $(\"#content-container #content\").addClass(\"container\");\n  $(\"#content-container #content .page-content\").addClass(\"page-content row justify-content-between align-items-center\");\n  $(\"#content-container #content .page-copy\").addClass(\"page-copy col-md-6 col-lg-7 g-mb-100\");\n&lt;/script&gt;",
  "display_name": "Account/Register/PageCopy",
  "type": 756150000
}</content>
  <iscustomizable>1</iscustomizable>
  <name>Account/Register/PageCopy</name>
  <powerpagecomponenttype>7</powerpagecomponenttype>
  <powerpagesiteid>
    <powerpagesiteid>837d24e8-7fdd-4eb8-90e4-1a89137ed881</powerpagesiteid>
  </powerpagesiteid>
  <powerpagesitelanguageid>
    <powerpagesitelanguageid>101f264f-e5b7-4212-aba6-4465d9bb3701</powerpagesitelanguageid>
  </powerpagesitelanguageid>
  <statecode>0</statecode>
  <statuscode>1</statuscode>
</powerpagecomponent>