<powerpagecomponent powerpagecomponentid="366e99ec-c61a-4108-addc-eb163bdea163">
  <content>{"disablepagevalidation":false,"displayimageonly":false,"displayorder":1,"displaypagechildlinks":false,"openinnewwindow":false,"pageid":"0801b1d2-92f3-411f-98a8-982e88c61b44","publishingstateid":"1363c145-fb5a-4fe8-aef1-6c9197cb44ed","robotsfollowlink":true,"weblinksetid":"382cfc83-8db9-4991-be3b-293416da5d7b"}</content>
  <iscustomizable>1</iscustomizable>
  <name>Profile</name>
  <powerpagecomponenttype>5</powerpagecomponenttype>
  <powerpagesiteid>
    <powerpagesiteid>7a7af223-c485-4e81-ab63-e7992354648d</powerpagesiteid>
  </powerpagesiteid>
  <statecode>0</statecode>
  <statuscode>1</statuscode>
</powerpagecomponent>