<powerpagecomponent powerpagecomponentid="fb92fb38-cf47-584c-17b6-f0d93cf1d785">
  <content>{
  "filecontent": null,
  "displayorder": 3,
  "pagetemplateid": "d18dd816-9dbb-f011-bbd2-000d3a36bec8",
  "parentpageid": "8834415b-87ed-4c58-87e4-64597db26e99",
  "partialurl": "blank-page",
  "isroot": false,
  "rootwebpageid": "5513fd6e-a766-95be-8df0-660084bd0fe6",
  "title": "Settings",
  "summary": "&lt;p&gt;This is a sample landing page designed to be a starting point for your website&lt;/p&gt;",
  "copy": "&lt;div class=\"row sectionBlockLayout text-start\" style=\"display: flex; flex-wrap: wrap; margin: 0px; min-height: auto; padding: 8px;\"&gt;\n  &lt;div class=\"container-fluid\" style=\"display: flex; flex-wrap: wrap;\"&gt;&lt;div class=\"col-lg-12 columnBlockLayout\" style=\"flex-grow: 1; display: flex; flex-direction: column; min-width: 250px; padding: 16px; margin: 60px 0px;\"&gt;{% include 'Page365 Ribbon' showNewRecordLink:\"true\" newRecordLink:\"/sample-html-components\" %}&lt;/div&gt;&lt;/div&gt;\n&lt;/div&gt;\n",
  "publishingstateid": "a259ce53-d63f-4da8-958d-f3581d35dbb5",
  "enablerating": false,
  "enabletracking": false,
  "excludefromsearch": false,
  "hiddenfromsitemap": true,
  "sharedpageconfiguration": false,
  "feedbackpolicy": 756150000
}</content>
  <iscustomizable>1</iscustomizable>
  <name>Blank Page</name>
  <powerpagecomponenttype>2</powerpagecomponenttype>
  <powerpagesiteid>
    <powerpagesiteid>5107f9ea-7583-45b0-acff-ca5ebb48b93e</powerpagesiteid>
  </powerpagesiteid>
  <powerpagesitelanguageid>
    <powerpagesitelanguageid>8fd9634f-9a4a-45b1-84b8-5f5217c251de</powerpagesitelanguageid>
  </powerpagesitelanguageid>
  <searchcontent>Settings&lt;div class="row sectionBlockLayout text-start" style="display: flex; flex-wrap: wrap; margin: 0px; min-height: auto; padding: 8px;"&gt;
  &lt;div class="container-fluid" style="display: flex; flex-wrap: wrap;"&gt;&lt;div class="col-lg-12 columnBlockLayout" style="flex-grow: 1; display: flex; flex-direction: column; min-width: 250px; padding: 16px; margin: 60px 0px;"&gt;{% include 'Page365 Ribbon' showNewRecordLink:"true" newRecordLink:"/sample-html-components" %}&lt;/div&gt;&lt;/div&gt;
&lt;/div&gt;
Blank Page</searchcontent>
  <statecode>0</statecode>
  <statuscode>1</statuscode>
</powerpagecomponent>