<powerpagecomponent powerpagecomponentid="57fc7933-ebfa-ee11-9f89-0022486d9037">
  <content>{
  "value": "\r\n\r\n\r\n&lt;a class=\"sidebar-brand d-flex align-items-center justify-content-center\" href=\"/dashboard\"&gt;\r\n    &lt;div class=\"sidebar-brand-text mx-6\"&gt;\r\n        {% if snippets['Dashboard Logo URL'] %}&lt;img src=\"{{ snippets['Dashboard Logo URL'] }}\" alt=\"{{ snippets['Dashboard Logo alt text'] }}\" style=\"width: 150px; height: auto;\"&gt;{% endif %}\r\n        {% comment%}\r\n        {% if snippets['Dashboard Site name'] %}&lt;h3 class=\"siteTitle\"&gt;{{ snippets['Dashboard Site name'] }}&lt;/h3&gt;{% endif %}\r\n        {% endcomment%}\r\n    &lt;/div&gt;\r\n&lt;/a&gt;",
  "display_name": "Dashboard Header",
  "type": 756150001
}</content>
  <iscustomizable>1</iscustomizable>
  <name>Dashboard Header</name>
  <powerpagecomponenttype>7</powerpagecomponenttype>
  <powerpagesiteid>
    <powerpagesiteid>837d24e8-7fdd-4eb8-90e4-1a89137ed881</powerpagesiteid>
  </powerpagesiteid>
  <powerpagesitelanguageid>
    <powerpagesitelanguageid>101f264f-e5b7-4212-aba6-4465d9bb3701</powerpagesitelanguageid>
  </powerpagesitelanguageid>
  <statecode>0</statecode>
  <statuscode>1</statuscode>
</powerpagecomponent>