<powerpagecomponent powerpagecomponentid="a487a06e-c597-482c-9c07-6ef5ad56de97">
  <content>{"description":"Site setting that controls the depth of the webpage hierarchy that’s cloned in a newly-added supported language. Web link sets and content snippets are cloned in the newly-added language when webpages are cloned.","value":"3"}</content>
  <iscustomizable>1</iscustomizable>
  <name>MultiLanguage/MaximumDepthToClone</name>
  <powerpagecomponenttype>9</powerpagecomponenttype>
  <powerpagesiteid>
    <powerpagesiteid>7a7af223-c485-4e81-ab63-e7992354648d</powerpagesiteid>
  </powerpagesiteid>
  <statecode>0</statecode>
  <statuscode>1</statuscode>
</powerpagecomponent>