<powerpagecomponent powerpagecomponentid="2e63fa09-0892-4144-8512-a64eb7142688">
  <content>{"copy":"&lt;div class=\"row sectionBlockLayout text-start\" style=\"display: flex; flex-wrap: wrap; margin: 0px; min-height: auto; padding: 8px;\"&gt;\r\n  &lt;div class=\"container\" style=\"display: flex; flex-wrap: wrap;\"&gt;\r\n    &lt;div class=\"col-lg-12 columnBlockLayout\" style=\"flex-grow: 1; display: flex; flex-direction: column; min-width: 300px; padding: 16px; margin: 60px 0px;\"&gt;\r\n      &lt;h2 style=\"color: var(--portalThemeColor9);\"&gt;&lt;b&gt;Subpage 2 &lt;/b&gt;&lt;/h2&gt;\r\n      &lt;p&gt;This page can be customized by adding new sections and components.&lt;/p&gt;\r\n    &lt;/div&gt;\r\n  &lt;/div&gt;\r\n&lt;/div&gt;\r\n&lt;div class=\"row sectionBlockLayout text-start\" style=\"display: flex; flex-wrap: wrap; margin: 0px; min-height: auto; padding: 8px;\"&gt;\r\n  &lt;div class=\"container\" style=\"padding: 0px; display: flex; flex-wrap: wrap;\"&gt;\r\n    &lt;div class=\"col-lg-12 columnBlockLayout\" style=\"flex-grow: 1; display: flex; flex-direction: column; min-width: 300px;\"&gt;&lt;/div&gt;\r\n  &lt;/div&gt;\r\n&lt;/div&gt;","displayorder":2,"enablerating":false,"enabletracking":false,"excludefromsearch":false,"feedbackpolicy":756150000,"hiddenfromsitemap":false,"isroot":false,"pagetemplateid":"85b0b08a-259e-4b19-93db-df0e8a46d86b","parentpageid":"c38f3ae9-be93-4688-978b-c0e6b79ae809","partialurl":"Subpage-two","publishingstateid":"1363c145-fb5a-4fe8-aef1-6c9197cb44ed","rootwebpageid":"c87711dc-f9de-4b5b-be1b-d80cba67b24a","sharedpageconfiguration":true,"summary":"&lt;p&gt;This is a sample landing page designed to be a starting point for your website&lt;/p&gt;","title":"Subpage two"}</content>
  <iscustomizable>1</iscustomizable>
  <name>Subpage two</name>
  <powerpagecomponenttype>2</powerpagecomponenttype>
  <powerpagesiteid>
    <powerpagesiteid>7a7af223-c485-4e81-ab63-e7992354648d</powerpagesiteid>
  </powerpagesiteid>
  <powerpagesitelanguageid>
    <powerpagesitelanguageid>bf9e859a-915e-4381-a595-374e5d772c38</powerpagesitelanguageid>
  </powerpagesitelanguageid>
  <searchcontent>Subpage two&lt;div class="row sectionBlockLayout text-start" style="display: flex; flex-wrap: wrap; margin: 0px; min-height: auto; padding: 8px;"&gt;
  &lt;div class="container" style="display: flex; flex-wrap: wrap;"&gt;
    &lt;div class="col-lg-12 columnBlockLayout" style="flex-grow: 1; display: flex; flex-direction: column; min-width: 300px; padding: 16px; margin: 60px 0px;"&gt;
      &lt;h2 style="color: var(--portalThemeColor9);"&gt;&lt;b&gt;Subpage 2 &lt;/b&gt;&lt;/h2&gt;
      &lt;p&gt;This page can be customized by adding new sections and components.&lt;/p&gt;
    &lt;/div&gt;
  &lt;/div&gt;
&lt;/div&gt;
&lt;div class="row sectionBlockLayout text-start" style="display: flex; flex-wrap: wrap; margin: 0px; min-height: auto; padding: 8px;"&gt;
  &lt;div class="container" style="padding: 0px; display: flex; flex-wrap: wrap;"&gt;
    &lt;div class="col-lg-12 columnBlockLayout" style="flex-grow: 1; display: flex; flex-direction: column; min-width: 300px;"&gt;&lt;/div&gt;
  &lt;/div&gt;
&lt;/div&gt;Subpage two</searchcontent>
  <statecode>0</statecode>
  <statuscode>1</statuscode>
</powerpagecomponent>