<powerpagecomponent powerpagecomponentid="46dfa6a0-f5ad-f336-d99d-263d2a86aa9c">
  <content>{
  "filecontent": null,
  "displayorder": 5,
  "parentweblinkid": "0837aeab-8576-cacd-56d2-5deb8ae4bd42",
  "weblinksetid": "05484a1d-049e-4da1-988d-9c9aa6cea819",
  "pageid": "276a597f-bf77-9c8b-ee85-7510f86106b8",
  "publishingstateid": "b2990ee5-9cfa-4b2d-8a89-22cdf57d8f33",
  "displaypagevalidation": false,
  "displayimageonly": false,
  "displaypagechildlinks": false,
  "openinnewwindow": false,
  "robotsfollowlink": true
}</content>
  <iscustomizable>1</iscustomizable>
  <name>Buttons</name>
  <powerpagecomponenttype>5</powerpagecomponenttype>
  <powerpagesiteid>
    <powerpagesiteid>837d24e8-7fdd-4eb8-90e4-1a89137ed881</powerpagesiteid>
  </powerpagesiteid>
  <statecode>0</statecode>
  <statuscode>1</statuscode>
</powerpagecomponent>