<powerpagecomponent powerpagecomponentid="04341524-f654-4fd9-a816-e87ca3e812e1">
  <content>{"description":"A collection of search logical name filter options. Defining a value here will add dropdown filter options to site-wide search.\n\nThis value should be in the form of name/value pairs, with name and value separated by a colon, and pairs separated by a semicolon. For example: \"Forums:adx_communityforum,adx_communityforumthread,adx_communityforumpost;Blogs:adx_blog,adx_blogpost,adx_blogpostcomment\"."}</content>
  <iscustomizable>1</iscustomizable>
  <name>search/filters</name>
  <powerpagecomponenttype>9</powerpagecomponenttype>
  <powerpagesiteid>
    <powerpagesiteid>74d98b9e-9df8-4a46-87f0-afb16d25e531</powerpagesiteid>
  </powerpagesiteid>
  <statecode>0</statecode>
  <statuscode>1</statuscode>
</powerpagecomponent>