<powerpagecomponent powerpagecomponentid="d0bb3591-dcbf-402d-829c-3df798d3ccd9">
  <content>{"adx_webpageaccesscontrolrule_webrole":["ae596efe-8d3a-4787-848b-63827a859ec9"],"right":1,"scope":1,"webpageid":"e1acc288-92f1-4695-8aa5-7c4dc439f6bb"}</content>
  <iscustomizable>1</iscustomizable>
  <name>Grant Change to Administrators</name>
  <powerpagecomponenttype>10</powerpagecomponenttype>
  <powerpagesiteid>
    <powerpagesiteid>7a7af223-c485-4e81-ab63-e7992354648d</powerpagesiteid>
  </powerpagesiteid>
  <statecode>0</statecode>
  <statuscode>1</statuscode>
</powerpagecomponent>