<powerpagecomponent powerpagecomponentid="0fce4b24-ab97-33c2-6f47-f17015f231eb">
  <content>{"displayorder":4,"customcss":"","customjavascript":"","pagetemplateid":"38cb18ab-3441-4a11-8a4a-c2b4982647ce","parentpageid":"bb799056-69d8-4584-9118-f2467f0f6234","partialurl":"Xrm-Portal-Library","isroot":false,"rootwebpageid":"bf35eb2d-a65d-4c83-b119-78258c79b7fa","title":"Xrm Portal Library","summary":"&lt;p&gt;This is a sample landing page designed to be a starting point for your website&lt;/p&gt;","copy":"&lt;div id=\"iankh\" class=\"row sectionBlockLayout sectionPrimaryColor text-start\" style=\"display: flex; flex-wrap: wrap; height: 15px; padding: 8px; margin: 0px;\"&gt;&lt;div id=\"ixa0j\" class=\"container\" style=\"display: flex; flex-wrap: wrap;\"&gt;&lt;/div&gt;&lt;/div&gt;\n&lt;div id=\"ii2c5\" class=\"row sectionBlockLayout text-start\" style=\"display: flex; flex-wrap: wrap; min-height: 361px; padding: 8px; margin: 0px;\"&gt;\n  &lt;div id=\"inyuu\" class=\"container\" style=\"display: flex; flex-wrap: wrap;\"&gt;\n    &lt;div id=\"izxol\" class=\"col-lg-12 columnBlockLayout\" style=\"flex-grow: 1; min-width: 250px; word-break: break-word; display: flex; flex-direction: column;\"&gt;\n      &lt;h2 id=\"iixdg\"&gt;Xrm.Portal.js&lt;/h2&gt;\n      &lt;p id=\"itiu1\"&gt;A JavaScript library for Power Pages (previously Power Apps portals ). To write basic functions like show and hide in Power Pages sites, we need to rely on jQuery for extensive manipulation of DOM. The library provides these functionality in simple, clear and readable syntaxes. The library will help developers who are familiar with Dataverse client script.&lt;/p&gt;\n      &lt;p&gt;Check out this simple example on setting values:&lt;/p&gt;\n      &lt;p&gt;\n        &lt;xmp&gt;\n          Xrm.Portal.Form.get(fieldName).setValue(object);\n          Xrm.Portal.Form.get(fieldName).setValue(id, name, entityLogicalName); //For lookup\n       &lt;/xmp&gt;\n      &lt;/p&gt;\n      &lt;p&gt;Check out this simple example on making fields required:&lt;/p&gt;\n      &lt;p&gt;\n        &lt;xmp&gt;\n          Xrm.Portal.Form.get(fieldName).setRequired(bool); //Default - a default validation and a default message\n          Xrm.Portal.Form.get(fieldName).setRequired(bool, function, message); //A custom validation and a custom message\n       &lt;/xmp&gt;\n      &lt;/p&gt;\n      &lt;p&gt;Other examples:&lt;/p&gt;\n      &lt;p&gt;\n        &lt;xmp&gt;\n          //Show or Hide Fields\n          Xrm.Portal.Form.get(fieldName).setVisible(bool);\n\n          //Enable or Disable\n          Xrm.Portal.Form.get(fieldName).setDisable(bool);\n\n          //Attach Event to field\n          Xrm.Portal.Form.get(fieldName).attachOnChange(callback);\n\n          //Remove Event from field\n          Xrm.Portal.Form.get(fieldName).removeOnChange(); \n\n          //Various Datepicker features\n          Xrm.Portal.Form.get(dateTimeFieldName).getData().options({options});\n          Xrm.Portal.Form.get(dateTimeFieldName).getData().options({ sideBySide: true}); //To show date component and time component side by side\n          Xrm.Portal.Form.get(dateTimeFieldName).getData().minDate(new Date()); //To disable selecting past date\n       &lt;/xmp&gt;\n      &lt;/p&gt;\n      \n      &lt;p&gt;&lt;a href=\"https://github.com/dynamicscode/XrmPortalJS\" target=\"_blank\" class=\"btn btn-default\"&gt; View More&lt;/a&gt;&lt;/p&gt;\n    \n    &lt;/div&gt;\n  &lt;/div&gt;\n&lt;/div&gt;\n","publishingstateid":"6d114fc2-bbff-41a0-93e2-7e00f73b1531","enablerating":false,"enabletracking":false,"excludefromsearch":false,"hiddenfromsitemap":true,"sharedpageconfiguration":false}</content>
  <iscustomizable>1</iscustomizable>
  <name>Xrm Portal Library</name>
  <powerpagecomponenttype>2</powerpagecomponenttype>
  <powerpagesiteid>
    <powerpagesiteid>74d98b9e-9df8-4a46-87f0-afb16d25e531</powerpagesiteid>
  </powerpagesiteid>
  <powerpagesitelanguageid>
    <powerpagesitelanguageid>f0033b08-30b3-4459-925b-b3e9822640db</powerpagesitelanguageid>
  </powerpagesitelanguageid>
  <searchcontent>Xrm Portal Library&lt;div id="iankh" class="row sectionBlockLayout sectionPrimaryColor text-start" style="display: flex; flex-wrap: wrap; height: 15px; padding: 8px; margin: 0px;"&gt;&lt;div id="ixa0j" class="container" style="display: flex; flex-wrap: wrap;"&gt;&lt;/div&gt;&lt;/div&gt;
&lt;div id="ii2c5" class="row sectionBlockLayout text-start" style="display: flex; flex-wrap: wrap; min-height: 361px; padding: 8px; margin: 0px;"&gt;
  &lt;div id="inyuu" class="container" style="display: flex; flex-wrap: wrap;"&gt;
    &lt;div id="izxol" class="col-lg-12 columnBlockLayout" style="flex-grow: 1; min-width: 250px; word-break: break-word; display: flex; flex-direction: column;"&gt;
      &lt;h2 id="iixdg"&gt;Xrm.Portal.js&lt;/h2&gt;
      &lt;p id="itiu1"&gt;A JavaScript library for Power Pages (previously Power Apps portals ). To write basic functions like show and hide in Power Pages sites, we need to rely on jQuery for extensive manipulation of DOM. The library provides these functionality in simple, clear and readable syntaxes. The library will help developers who are familiar with Dataverse client script.&lt;/p&gt;
      &lt;p&gt;Check out this simple example on setting values:&lt;/p&gt;
      &lt;p&gt;
        &lt;xmp&gt;
          Xrm.Portal.Form.get(fieldName).setValue(object);
          Xrm.Portal.Form.get(fieldName).setValue(id, name, entityLogicalName); //For lookup
       &lt;/xmp&gt;
      &lt;/p&gt;
      &lt;p&gt;Check out this simple example on making fields required:&lt;/p&gt;
      &lt;p&gt;
        &lt;xmp&gt;
          Xrm.Portal.Form.get(fieldName).setRequired(bool); //Default - a default validation and a default message
          Xrm.Portal.Form.get(fieldName).setRequired(bool, function, message); //A custom validation and a custom message
       &lt;/xmp&gt;
      &lt;/p&gt;
      &lt;p&gt;Other examples:&lt;/p&gt;
      &lt;p&gt;
        &lt;xmp&gt;
          //Show or Hide Fields
          Xrm.Portal.Form.get(fieldName).setVisible(bool);

          //Enable or Disable
          Xrm.Portal.Form.get(fieldName).setDisable(bool);

          //Attach Event to field
          Xrm.Portal.Form.get(fieldName).attachOnChange(callback);

          //Remove Event from field
          Xrm.Portal.Form.get(fieldName).removeOnChange(); 

          //Various Datepicker features
          Xrm.Portal.Form.get(dateTimeFieldName).getData().options({options});
          Xrm.Portal.Form.get(dateTimeFieldName).getData().options({ sideBySide: true}); //To show date component and time component side by side
          Xrm.Portal.Form.get(dateTimeFieldName).getData().minDate(new Date()); //To disable selecting past date
       &lt;/xmp&gt;
      &lt;/p&gt;
      
      &lt;p&gt;&lt;a href="https://github.com/dynamicscode/XrmPortalJS" target="_blank" class="btn btn-default"&gt; View More&lt;/a&gt;&lt;/p&gt;
    
    &lt;/div&gt;
  &lt;/div&gt;
&lt;/div&gt;
Xrm Portal Library</searchcontent>
  <statecode>0</statecode>
  <statuscode>1</statuscode>
</powerpagecomponent>