<powerpagecomponent powerpagecomponentid="189c9c51-62f1-ee11-a1fd-0022486d9037">
  <content>{
  "displayimageonly": false,
  "displaypagechildlinks": false,
  "disablepagevalidation": false,
  "openinnewwindow": false,
  "robotsfollowlink": false,
  "publishingstateid": "b2990ee5-9cfa-4b2d-8a89-22cdf57d8f33",
  "weblinksetid": "2e60c067-61f1-ee11-a1fd-0022486d9037",
  "parentweblinkid": "097cbdde-61f1-ee11-a1fd-0022486d9037",
  "pageid": "d85d148c-1d03-79d3-9d0d-e308b06c2f64",
  "displayorder": 2
}</content>
  <iscustomizable>1</iscustomizable>
  <name>Cards</name>
  <powerpagecomponenttype>5</powerpagecomponenttype>
  <powerpagesiteid>
    <powerpagesiteid>837d24e8-7fdd-4eb8-90e4-1a89137ed881</powerpagesiteid>
  </powerpagesiteid>
  <statecode>0</statecode>
  <statuscode>1</statuscode>
</powerpagecomponent>