<powerpagecomponent powerpagecomponentid="ca788e57-1fd1-ee11-904c-000d3a0a0ba3">
  <content>{
  "partialurl": "chart-pie-demo.js",
  "excludefromsearch": false,
  "hiddenfromsitemap": false,
  "contentdisposition": 756150000,
  "publishingstateid": "b2990ee5-9cfa-4b2d-8a89-22cdf57d8f33",
  "parentpageid": "9f83f7a2-22f5-4649-a269-74a699a16001"
}</content>
  <filecontent mimetype="text/plain">chart-pie-demo.txt</filecontent>
  <iscustomizable>1</iscustomizable>
  <name>chart-pie-demo.js</name>
  <powerpagecomponenttype>3</powerpagecomponenttype>
  <powerpagesiteid>
    <powerpagesiteid>837d24e8-7fdd-4eb8-90e4-1a89137ed881</powerpagesiteid>
  </powerpagesiteid>
  <statecode>0</statecode>
  <statuscode>1</statuscode>
</powerpagecomponent>