<powerpagecomponent powerpagecomponentid="52ee4e6c-2627-4fa8-93a5-677afe76ec27">
  <content>{"modifiedon":"2024-02-21T18:06:09Z","displayorder":10,"enabletracking":false,"excludefromsearch":true,"hiddenfromsitemap":false,"parentpageid":"9f83f7a2-22f5-4649-a269-74a699a16001","partialurl":"portalbasictheme.css","publishingstateid":"b2990ee5-9cfa-4b2d-8a89-22cdf57d8f33"}</content>
  <filecontent mimetype="text/css">portalbasictheme.css</filecontent>
  <iscustomizable>1</iscustomizable>
  <name>portalbasictheme.css</name>
  <powerpagecomponenttype>3</powerpagecomponenttype>
  <powerpagesiteid>
    <powerpagesiteid>837d24e8-7fdd-4eb8-90e4-1a89137ed881</powerpagesiteid>
  </powerpagesiteid>
  <statecode>0</statecode>
  <statuscode>1</statuscode>
</powerpagecomponent>