<powerpagecomponent powerpagecomponentid="fe9eea79-94ad-4180-8288-05fa03776aba">
  <content>{"display_name":"Search/Results Title","value":"Results for {{ request.params.q }}"}</content>
  <iscustomizable>1</iscustomizable>
  <name>Search/ResultsTitle</name>
  <powerpagecomponenttype>7</powerpagecomponenttype>
  <powerpagesiteid>
    <powerpagesiteid>5107f9ea-7583-45b0-acff-ca5ebb48b93e</powerpagesiteid>
  </powerpagesiteid>
  <powerpagesitelanguageid>
    <powerpagesitelanguageid>8fd9634f-9a4a-45b1-84b8-5f5217c251de</powerpagesitelanguageid>
  </powerpagesitelanguageid>
  <statecode>0</statecode>
  <statuscode>1</statuscode>
</powerpagecomponent>