<powerpagecomponent powerpagecomponentid="8834415b-87ed-4c58-87e4-64597db26e99">
  <content>{
  "displayorder": 1,
  "enablerating": false,
  "enabletracking": false,
  "excludefromsearch": false,
  "feedbackpolicy": 756150005,
  "hiddenfromsitemap": false,
  "isroot": true,
  "pagetemplateid": "d18dd816-9dbb-f011-bbd2-000d3a36bec8",
  "partialurl": "/",
  "publishingstateid": "a259ce53-d63f-4da8-958d-f3581d35dbb5",
  "sharedpageconfiguration": false,
  "title": "Home"
}</content>
  <iscustomizable>1</iscustomizable>
  <name>Dashboard</name>
  <powerpagecomponenttype>2</powerpagecomponenttype>
  <powerpagesiteid>
    <powerpagesiteid>5107f9ea-7583-45b0-acff-ca5ebb48b93e</powerpagesiteid>
  </powerpagesiteid>
  <searchcontent>HomeDashboard</searchcontent>
  <statecode>0</statecode>
  <statuscode>1</statuscode>
</powerpagecomponent>