<powerpagecomponent powerpagecomponentid="89d21c14-c511-480a-ad54-035e1c296c5f">
  <content>{"enablerating":false,"enabletracking":false,"excludefromsearch":false,"hiddenfromsitemap":true,"isroot":true,"pagetemplateid":"a1c4c863-f2e9-4732-8817-746f190b13c5","parentpageid":"bb799056-69d8-4584-9118-f2467f0f6234","partialurl":"profile","publishingstateid":"6d114fc2-bbff-41a0-93e2-7e00f73b1531","sharedpageconfiguration":false,"title":"Profile"}</content>
  <iscustomizable>1</iscustomizable>
  <name>Profile</name>
  <powerpagecomponenttype>2</powerpagecomponenttype>
  <powerpagesiteid>
    <powerpagesiteid>74d98b9e-9df8-4a46-87f0-afb16d25e531</powerpagesiteid>
  </powerpagesiteid>
  <searchcontent>ProfileProfile</searchcontent>
  <statecode>0</statecode>
  <statuscode>1</statuscode>
</powerpagecomponent>