<powerpagecomponent powerpagecomponentid="8896f3f9-5849-4f0d-b139-9468cde0042c">
  <content>{"displayorder":10,"enabletracking":false,"excludefromsearch":true,"hiddenfromsitemap":false,"parentpageid":"8834415b-87ed-4c58-87e4-64597db26e99","partialurl":"portalbasictheme.css","publishingstateid":"a259ce53-d63f-4da8-958d-f3581d35dbb5"}</content>
  <filecontent mimetype="application/octet-stream">portalbasictheme.css</filecontent>
  <iscustomizable>1</iscustomizable>
  <name>portalbasictheme.css</name>
  <powerpagecomponenttype>3</powerpagecomponenttype>
  <powerpagesiteid>
    <powerpagesiteid>5107f9ea-7583-45b0-acff-ca5ebb48b93e</powerpagesiteid>
  </powerpagesiteid>
  <statecode>0</statecode>
  <statuscode>1</statuscode>
</powerpagecomponent>