<powerpagecomponent powerpagecomponentid="79c83480-80f8-abc7-a54e-091266ae4746">
  <content>{
  "powerpagesitelanguageid": "f0033b08-30b3-4459-925b-b3e9822640db",
  "type": 756150000,
  "display_name": "Logo URL",
  "value": "/Logo-sm-64.png"
}</content>
  <iscustomizable>1</iscustomizable>
  <name>Logo URL</name>
  <powerpagecomponenttype>7</powerpagecomponenttype>
  <powerpagesiteid>
    <powerpagesiteid>74d98b9e-9df8-4a46-87f0-afb16d25e531</powerpagesiteid>
  </powerpagesiteid>
  <powerpagesitelanguageid>
    <powerpagesitelanguageid>f0033b08-30b3-4459-925b-b3e9822640db</powerpagesitelanguageid>
  </powerpagesitelanguageid>
  <statecode>0</statecode>
  <statuscode>1</statuscode>
</powerpagecomponent>