<powerpagecomponent powerpagecomponentid="9cd4e26b-e547-4216-a3ed-1db31c3a8bfb">
  <content>{"disablepagevalidation":false,"displayimageonly":false,"displayorder":1,"displaypagechildlinks":false,"openinnewwindow":false,"pageid":"3fa5f1a3-659b-4bbd-9bf4-9528e4eebf1e","publishingstateid":"b2990ee5-9cfa-4b2d-8a89-22cdf57d8f33","robotsfollowlink":true,"weblinksetid":"8c32ca4a-3b99-4751-ae4b-597cc2238683"}</content>
  <iscustomizable>1</iscustomizable>
  <name>Profile</name>
  <powerpagecomponenttype>5</powerpagecomponenttype>
  <powerpagesiteid>
    <powerpagesiteid>837d24e8-7fdd-4eb8-90e4-1a89137ed881</powerpagesiteid>
  </powerpagesiteid>
  <statecode>0</statecode>
  <statuscode>1</statuscode>
</powerpagecomponent>