<powerpagecomponent powerpagecomponentid="e3e3d0d2-5fc7-453e-9370-24d9fe70e2de">
  <content>{"createdOn":"2024-01-16T07:51:59.343Z","parentpageid":"e740e969-cb91-4888-81ed-1a289bc99048","publishingstateid":"223b296f-4977-4774-924c-19e26a31cacc","partialurl":"product-1.jpg","title":"","summary":"","enabletracking":false,"excludefromsearch":false,"hiddenfromsitemap":false}</content>
  <filecontent mimetype="image/jpeg">product-1.jpg</filecontent>
  <iscustomizable>1</iscustomizable>
  <name>product-1.jpg</name>
  <powerpagecomponenttype>3</powerpagecomponenttype>
  <powerpagesiteid>
    <powerpagesiteid>8ff28ff6-80b7-4da9-a1f5-bba77dca87e6</powerpagesiteid>
  </powerpagesiteid>
  <statecode>0</statecode>
  <statuscode>1</statuscode>
</powerpagecomponent>