<powerpagecomponent powerpagecomponentid="5cfcb99c-fcdd-9dfe-257b-bb2aee690097">
  <content>{
  "filecontent": null,
  "displayorder": 3,
  "weblinksetid": "05484a1d-049e-4da1-988d-9c9aa6cea819",
  "pageid": "2d23f48d-0bca-2c78-eafc-efcb6a6417e9",
  "publishingstateid": "b2990ee5-9cfa-4b2d-8a89-22cdf57d8f33",
  "displaypagevalidation": false,
  "displayimageonly": false,
  "displaypagechildlinks": false,
  "openinnewwindow": false,
  "robotsfollowlink": true,
  "parentweblinkid": "0837aeab-8576-cacd-56d2-5deb8ae4bd42"
}</content>
  <iscustomizable>1</iscustomizable>
  <name>Page</name>
  <powerpagecomponenttype>5</powerpagecomponenttype>
  <powerpagesiteid>
    <powerpagesiteid>837d24e8-7fdd-4eb8-90e4-1a89137ed881</powerpagesiteid>
  </powerpagesiteid>
  <statecode>0</statecode>
  <statuscode>1</statuscode>
</powerpagecomponent>