<powerpagecomponent powerpagecomponentid="8bd0b802-df85-47b2-ab3a-66b221b7b770">
  <content>{"source":"{% assign title = title | default: page.title %}\r\n&lt;ul class='breadcrumb'&gt;\r\n  {% for crumb in page.breadcrumbs -%}\r\n    &lt;li class=\"breadcrumb-item\"&gt;\r\n      &lt;a href='{{ crumb.url | h }}' title='{{ crumb.title | h }}'&gt;{{ crumb.title | truncate: 24 | h }}&lt;/a&gt;\r\n    &lt;/li&gt;\r\n  {% endfor -%}\r\n  &lt;li class=' breadcrumb-item active'&gt;\r\n    {% block activebreadcrumb -%}\r\n    {{- title | h -}}\r\n    {%- endblock %}\r\n  &lt;/li&gt;\r\n&lt;/ul&gt;\r\n\r\n"}</content>
  <iscustomizable>1</iscustomizable>
  <name>Breadcrumbs</name>
  <powerpagecomponenttype>8</powerpagecomponenttype>
  <powerpagesiteid>
    <powerpagesiteid>837d24e8-7fdd-4eb8-90e4-1a89137ed881</powerpagesiteid>
  </powerpagesiteid>
  <statecode>0</statecode>
  <statuscode>1</statuscode>
</powerpagecomponent>