<powerpagecomponent powerpagecomponentid="4f40a47e-62f1-ee11-a1fd-0022486d9037">
  <content>{
  "displayimageonly": false,
  "displaypagechildlinks": false,
  "disablepagevalidation": false,
  "openinnewwindow": false,
  "robotsfollowlink": true,
  "publishingstateid": "b2990ee5-9cfa-4b2d-8a89-22cdf57d8f33",
  "weblinksetid": "2e60c067-61f1-ee11-a1fd-0022486d9037",
  "parentweblinkid": "d231b4fe-61f1-ee11-a1fd-0022486d9037",
  "pageid": "fffe06ed-9c89-13dc-1487-a2fdbefad01e",
  "displayorder": 1
}</content>
  <iscustomizable>1</iscustomizable>
  <name>Borders</name>
  <powerpagecomponenttype>5</powerpagecomponenttype>
  <powerpagesiteid>
    <powerpagesiteid>837d24e8-7fdd-4eb8-90e4-1a89137ed881</powerpagesiteid>
  </powerpagesiteid>
  <statecode>0</statecode>
  <statuscode>1</statuscode>
</powerpagecomponent>