<powerpagecomponent powerpagecomponentid="1aafd969-1cbe-49e3-acc8-a7c6237b3bde">
  <content>{"contentdisposition":756150000,"enabletracking":false,"excludefromsearch":false,"hiddenfromsitemap":false,"parentpageid":"e1acc288-92f1-4695-8aa5-7c4dc439f6bb","partialurl":"Cat-PC.png","publishingstateid":"1363c145-fb5a-4fe8-aef1-6c9197cb44ed"}</content>
  <filecontent mimetype="application/octet-stream">Cat-PC.png</filecontent>
  <iscustomizable>1</iscustomizable>
  <name>Cat-PC.png</name>
  <powerpagecomponenttype>3</powerpagecomponenttype>
  <powerpagesiteid>
    <powerpagesiteid>7a7af223-c485-4e81-ab63-e7992354648d</powerpagesiteid>
  </powerpagesiteid>
  <statecode>0</statecode>
  <statuscode>1</statuscode>
</powerpagecomponent>