<powerpagecomponent powerpagecomponentid="d5f786dc-26bc-f011-bbd2-000d3a36bec8">
  <content>{
  "displayorder": 3,
  "imageurl": "bi bi-archive",
  "displayimageonly": false,
  "displaypagechildlinks": false,
  "disablepagevalidation": false,
  "openinnewwindow": false,
  "robotsfollowlink": true,
  "publishingstateid": "a259ce53-d63f-4da8-958d-f3581d35dbb5",
  "pageid": "baf3d3c9-4cf8-e61e-eafc-bf42a94c7bdf",
  "weblinksetid": "62bfeca2-26bc-f011-bbd2-000d3a36bec8"
}</content>
  <iscustomizable>1</iscustomizable>
  <name>Other Html Components</name>
  <powerpagecomponenttype>5</powerpagecomponenttype>
  <powerpagesiteid>
    <powerpagesiteid>5107f9ea-7583-45b0-acff-ca5ebb48b93e</powerpagesiteid>
  </powerpagesiteid>
  <statecode>0</statecode>
  <statuscode>1</statuscode>
</powerpagecomponent>