<powerpagecomponent powerpagecomponentid="b86db04f-5ac3-4ca0-a7c9-9a5c8592d8ae">
  <content>{"disablepagevalidation":false,"displayimageonly":false,"displayorder":2,"displaypagechildlinks":false,"openinnewwindow":false,"pageid":"c87711dc-f9de-4b5b-be1b-d80cba67b24a","parentweblinkid":"8828182e-872a-459c-93be-8fee68fe6add","publishingstateid":"1363c145-fb5a-4fe8-aef1-6c9197cb44ed","robotsfollowlink":true,"weblinksetid":"b0ed1a2d-032a-4592-8048-2a8085247a8d"}</content>
  <iscustomizable>1</iscustomizable>
  <name>Subpage two</name>
  <powerpagecomponenttype>5</powerpagecomponenttype>
  <powerpagesiteid>
    <powerpagesiteid>7a7af223-c485-4e81-ab63-e7992354648d</powerpagesiteid>
  </powerpagesiteid>
  <statecode>0</statecode>
  <statuscode>1</statuscode>
</powerpagecomponent>