<powerpagecomponent powerpagecomponentid="d10755ed-2475-4fb4-bcc6-f9dc7a7dad52">
  <content>{
  "source": "{% assign nav = weblinks['Dashboard Navigation'] %}\r\n\r\n&lt;li class=\"nav-item\"&gt;\r\n    {% for link in nav.weblinks %}\r\n        {%if link.weblinks.size &gt; 0 %}\r\n            &lt;a class=\"nav-link collapsed\" href=\"#\" data-toggle=\"collapse\" \r\n                data-target=\"#collapse-{{link.id}}\" aria-expanded=\"false\" \r\n                aria-controls=\"collapse-{{link.id}}\"&gt;\r\n                &lt;i class=\"{{ link.image.url }}\"&gt;&lt;/i&gt;\r\n                &lt;span&gt;\r\n                    {{ link.name }}\r\n                &lt;/span&gt;\r\n            &lt;/a&gt;\r\n\r\n            &lt;div id=\"collapse-{{link.id}}\" class=\"collapse\" aria-labelledby=\"headingTwo\" data-parent=\"#accordionSidebar\" style=\"\"&gt;\r\n                &lt;div class=\"bg-white py-2 collapse-inner rounded\"&gt;\r\n                    &lt;h6 class=\"collapse-header\"&gt;{{ link.name }}&lt;/h6&gt;\r\n                    {% for subLink in link.weblinks %}\r\n                        &lt;a class=\"collapse-item\" href=\"{{subLink.url}}\"&gt;{{subLink.name}}&lt;/a&gt;\r\n                    {% endfor %}\r\n                &lt;/div&gt;\r\n            &lt;/div&gt;\r\n        {% else %}\r\n            &lt;a class=\"nav-link\" href=\"{{ link.url }}\"&gt;\r\n                &lt;i class=\"{{ link.image.url }}\"&gt;&lt;/i&gt;\r\n                &lt;span&gt;{{ link.name }}&lt;/span&gt;&lt;/a&gt;\r\n        {% endif %}\r\n    {% endfor %}\r\n&lt;/li&gt;\r\n\r\n\r\n\r\n"
}</content>
  <iscustomizable>1</iscustomizable>
  <name>Power Pages Plus Dashboard Menu</name>
  <powerpagecomponenttype>8</powerpagecomponenttype>
  <powerpagesiteid>
    <powerpagesiteid>837d24e8-7fdd-4eb8-90e4-1a89137ed881</powerpagesiteid>
  </powerpagesiteid>
  <statecode>0</statecode>
  <statuscode>1</statuscode>
</powerpagecomponent>