<powerpagesitelanguages>
  <powerpagesitelanguage powerpagesitelanguageid="f0033b08-30b3-4459-925b-b3e9822640db">
    <content>{"publishingstate":"6d114fc2-bbff-41a0-93e2-7e00f73b1531","systemlanguage":1033}</content>
    <displayname>English</displayname>
    <iscustomizable>1</iscustomizable>
    <languagecode>en-US</languagecode>
    <lcid>1033</lcid>
    <name>English</name>
    <powerpagesiteid>
      <powerpagesiteid>74d98b9e-9df8-4a46-87f0-afb16d25e531</powerpagesiteid>
    </powerpagesiteid>
    <statecode>0</statecode>
    <statuscode>1</statuscode>
  </powerpagesitelanguage>
</powerpagesitelanguages>