<powerpagesites>
  <powerpagesite powerpagesiteid="74d98b9e-9df8-4a46-87f0-afb16d25e531">
    <content>{"defaultlanguage":"f0033b08-30b3-4459-925b-b3e9822640db","footerwebtemplateid":"baa87c0a-c1b8-4dd2-90c5-273fca73e9cc","headerwebtemplateid":"2206143c-bb56-4225-960f-dbdc9cf60b7e","statecode":0,"statuscode":1,"website_language":1033}</content>
    <datamodelversion>2.0</datamodelversion>
    <iscustomizable>1</iscustomizable>
    <name>Power Pages Plus Minimalist - power-pages-plus-minimalist</name>
    <primarydomainname>power-pages-plus-minimalist.powerappsportals.com</primarydomainname>
    <statecode>0</statecode>
    <statuscode>1</statuscode>
  </powerpagesite>
</powerpagesites>