<powerpagecomponent powerpagecomponentid="2ca3705a-0c81-7941-b480-17afa2c13859">
  <content>{
  "displayorder": 2,
  "weblinksetid": "d9bd903d-b26b-480a-9ef0-5b272f100676",
  "pageid": "81bf49fe-e5b9-d265-43cc-3b43208be719",
  "publishingstateid": "223b296f-4977-4774-924c-19e26a31cacc",
  "displaypagevalidation": false,
  "displayimageonly": false,
  "displaypagechildlinks": false,
  "openinnewwindow": false,
  "robotsfollowlink": true
}</content>
  <iscustomizable>1</iscustomizable>
  <name>Content Page</name>
  <powerpagecomponenttype>5</powerpagecomponenttype>
  <powerpagesiteid>
    <powerpagesiteid>8ff28ff6-80b7-4da9-a1f5-bba77dca87e6</powerpagesiteid>
  </powerpagesiteid>
  <statecode>0</statecode>
  <statuscode>1</statuscode>
</powerpagecomponent>