<powerpagecomponent powerpagecomponentid="031cd68b-ad88-12af-c481-5f74905cc00a">
  <content>{"filecontent":null,"displayorder":2,"customcss":"","customjavascript":"","pagetemplateid":"38cb18ab-3441-4a11-8a4a-c2b4982647ce","parentpageid":"bb799056-69d8-4584-9118-f2467f0f6234","partialurl":"image-gallery","isroot":false,"rootwebpageid":"67e36203-550b-f5ab-f591-d52c54503383","title":"Image Gallery","summary":"&lt;p&gt;This is a sample landing page designed to be a starting point for your website&lt;/p&gt;","copy":"&lt;div id=\"in50b\" class=\"row sectionBlockLayout sectionPrimaryColor text-start\" style=\"display: flex; flex-wrap: wrap; height: 15px; padding: 8px; margin: 0px;\"&gt;&lt;div id=\"i0kxf\" class=\"container\" style=\"display: flex; flex-wrap: wrap;\"&gt;&lt;/div&gt;&lt;/div&gt;\n&lt;div id=\"i1tzu\" class=\"row sectionBlockLayout text-start\" style=\"display: flex; flex-wrap: wrap; padding: 0px; margin: 0px; min-height: 361px;\"&gt;\n  &lt;div id=\"ifv5b\" class=\"container\" style=\"display: flex; flex-wrap: wrap;\"&gt;\n    &lt;div id=\"inzwh\" class=\"col-lg-12 columnBlockLayout\" style=\"flex-grow: 1; min-width: 250px; word-break: break-word; display: flex; flex-direction: column; margin: 60px 0px; padding: 16px;\"&gt;\n      &lt;h1 id=\"ii0ha\"&gt;Image Gallery Page&lt;/h1&gt;\n      &lt;p id=\"idffg\"&gt;Power Pages Plus Minimalist template uses GLightBox. GLightbox is a pure javascript lightbox. \n        It can display images, iframes, inline content and videos with optional autoplay for YouTube, Vimeo and even self hosted videos.&lt;/p&gt;\n      &lt;p&gt;Check out this simple example:&lt;/p&gt;\n      &lt;p&gt;\n        &lt;xmp&gt;\n          &lt;a href=\"Myimage.jpg\" class=\"glightbox\" data-glightbox=\"title: Description Left; description: descPosition: left;\"&gt;\n            &lt;img src=\"Myimage.jpg\" alt=\"image\"&gt;\n          &lt;/a&gt;\n       &lt;/xmp&gt;\n      &lt;/p&gt;\n      \n      &lt;p&gt;&lt;a href=\"https://biati-digital.github.io/glightbox/\" target=\"_blank\" class=\"btn btn-default\"&gt; View More&lt;/a&gt;&lt;/p&gt;\n    &lt;/div&gt;\n  &lt;/div&gt;\n&lt;/div&gt;\n&lt;div id=\"ii2vd\" class=\"row sectionBlockLayout\" style=\"display: flex; flex-wrap: wrap; margin: 0px; text-align: center; min-height: auto; padding: 8px;\"&gt;\n  &lt;div id=\"izo4k\" class=\"container\" style=\"display: flex; flex-wrap: wrap;\"&gt;\n    &lt;div id=\"it5ya\" class=\"col-lg-6 card columnBlockLayout\" style=\"flex-grow: 1; min-width: 250px; word-break: break-word; display: flex; flex-direction: column; margin-left: 0px; margin-right: 0px;\"&gt;\n      &lt;a href=\"https://www.powerpagesplus.com/hero-img.png\" data-type=\"image\" data-gallery=\"portfolio-gallery-app\" class=\"glightbox card\"&gt;&lt;img src=\"https://www.powerpagesplus.com/hero-img.png\" id=\"ionzo\" style=\"max-width: 100%; width: 100%; height: auto; background-color: #fafafa;\" /&gt;&lt;/a&gt;\n      &lt;h3&gt;FEATURED ITEM 1&lt;/h3&gt;\n      &lt;p&gt;Create a short description or engaging message to motivate your audience to take action&lt;/p&gt;\n    &lt;/div&gt;\n    &lt;div id=\"i3g4m\" class=\"col-lg-6 card columnBlockLayout\" style=\"flex-grow: 1; min-width: 250px; word-break: break-word; display: flex; flex-direction: column; margin-left: 0px; margin-right: 0px;\"&gt;\n      &lt;a href=\"https://www.powerpagesplus.com/hero-img.png\" data-type=\"image\" data-gallery=\"portfolio-gallery-app\" class=\"glightbox card\"&gt;&lt;img src=\"https://www.powerpagesplus.com/hero-img.png\" id=\"iemb6\" style=\"max-width: 100%; width: 100%; height: auto; background-color: #fafafa;\" /&gt;&lt;/a&gt;\n      &lt;h3&gt;FEATURED ITEM 2&lt;/h3&gt;\n      &lt;p&gt;Create a short description or engaging message to motivate your audience to take action&lt;/p&gt;\n    &lt;/div&gt;\n  &lt;/div&gt;\n&lt;/div&gt;\n","publishingstateid":"6d114fc2-bbff-41a0-93e2-7e00f73b1531","enablerating":false,"enabletracking":false,"excludefromsearch":false,"hiddenfromsitemap":true,"sharedpageconfiguration":false}</content>
  <iscustomizable>1</iscustomizable>
  <name>Image Gallery</name>
  <powerpagecomponenttype>2</powerpagecomponenttype>
  <powerpagesiteid>
    <powerpagesiteid>74d98b9e-9df8-4a46-87f0-afb16d25e531</powerpagesiteid>
  </powerpagesiteid>
  <powerpagesitelanguageid>
    <powerpagesitelanguageid>f0033b08-30b3-4459-925b-b3e9822640db</powerpagesitelanguageid>
  </powerpagesitelanguageid>
  <searchcontent>Image Gallery&lt;div id="in50b" class="row sectionBlockLayout sectionPrimaryColor text-start" style="display: flex; flex-wrap: wrap; height: 15px; padding: 8px; margin: 0px;"&gt;&lt;div id="i0kxf" class="container" style="display: flex; flex-wrap: wrap;"&gt;&lt;/div&gt;&lt;/div&gt;
&lt;div id="i1tzu" class="row sectionBlockLayout text-start" style="display: flex; flex-wrap: wrap; padding: 0px; margin: 0px; min-height: 361px;"&gt;
  &lt;div id="ifv5b" class="container" style="display: flex; flex-wrap: wrap;"&gt;
    &lt;div id="inzwh" class="col-lg-12 columnBlockLayout" style="flex-grow: 1; min-width: 250px; word-break: break-word; display: flex; flex-direction: column; margin: 60px 0px; padding: 16px;"&gt;
      &lt;h1 id="ii0ha"&gt;Image Gallery Page&lt;/h1&gt;
      &lt;p id="idffg"&gt;Power Pages Plus Minimalist template uses GLightBox. GLightbox is a pure javascript lightbox. 
        It can display images, iframes, inline content and videos with optional autoplay for YouTube, Vimeo and even self hosted videos.&lt;/p&gt;
      &lt;p&gt;Check out this simple example:&lt;/p&gt;
      &lt;p&gt;
        &lt;xmp&gt;
          &lt;a href="Myimage.jpg" class="glightbox" data-glightbox="title: Description Left; description: descPosition: left;"&gt;
            &lt;img src="Myimage.jpg" alt="image"&gt;
          &lt;/a&gt;
       &lt;/xmp&gt;
      &lt;/p&gt;
      
      &lt;p&gt;&lt;a href="https://biati-digital.github.io/glightbox/" target="_blank" class="btn btn-default"&gt; View More&lt;/a&gt;&lt;/p&gt;
    &lt;/div&gt;
  &lt;/div&gt;
&lt;/div&gt;
&lt;div id="ii2vd" class="row sectionBlockLayout" style="display: flex; flex-wrap: wrap; margin: 0px; text-align: center; min-height: auto; padding: 8px;"&gt;
  &lt;div id="izo4k" class="container" style="display: flex; flex-wrap: wrap;"&gt;
    &lt;div id="it5ya" class="col-lg-6 card columnBlockLayout" style="flex-grow: 1; min-width: 250px; word-break: break-word; display: flex; flex-direction: column; margin-left: 0px; margin-right: 0px;"&gt;
      &lt;a href="https://www.powerpagesplus.com/hero-img.png" data-type="image" data-gallery="portfolio-gallery-app" class="glightbox card"&gt;&lt;img src="https://www.powerpagesplus.com/hero-img.png" id="ionzo" style="max-width: 100%; width: 100%; height: auto; background-color: #fafafa;" /&gt;&lt;/a&gt;
      &lt;h3&gt;FEATURED ITEM 1&lt;/h3&gt;
      &lt;p&gt;Create a short description or engaging message to motivate your audience to take action&lt;/p&gt;
    &lt;/div&gt;
    &lt;div id="i3g4m" class="col-lg-6 card columnBlockLayout" style="flex-grow: 1; min-width: 250px; word-break: break-word; display: flex; flex-direction: column; margin-left: 0px; margin-right: 0px;"&gt;
      &lt;a href="https://www.powerpagesplus.com/hero-img.png" data-type="image" data-gallery="portfolio-gallery-app" class="glightbox card"&gt;&lt;img src="https://www.powerpagesplus.com/hero-img.png" id="iemb6" style="max-width: 100%; width: 100%; height: auto; background-color: #fafafa;" /&gt;&lt;/a&gt;
      &lt;h3&gt;FEATURED ITEM 2&lt;/h3&gt;
      &lt;p&gt;Create a short description or engaging message to motivate your audience to take action&lt;/p&gt;
    &lt;/div&gt;
  &lt;/div&gt;
&lt;/div&gt;
Image Gallery</searchcontent>
  <statecode>0</statecode>
  <statuscode>1</statuscode>
</powerpagecomponent>