<powerpagecomponent powerpagecomponentid="de418072-5219-4501-97aa-96938dd2ddef">
  <content>{
  "filecontent": null,
  "entityname": "Notifications",
  "entitylogicalname": "msppp_notification",
  "scope": 756150001,
  "append": false,
  "appendto": false,
  "delete": false,
  "read": true,
  "create": true,
  "write": true,
  "parentrelationship": null,
  "parententitypermission": null,
  "contactrelationship": "msppp_contact_msppp_notification_14",
  "accountrelationship": null,
  "childTablePermissions": [],
  "adx_entitypermission_webrole": [
    "469d70df-f256-458f-8574-1ec42a7233d0",
    "518b25ed-ac7b-43fa-9da0-31decb0b43d4"
  ]
}</content>
  <iscustomizable>1</iscustomizable>
  <name>Notifications</name>
  <powerpagecomponenttype>18</powerpagecomponenttype>
  <powerpagesiteid>
    <powerpagesiteid>837d24e8-7fdd-4eb8-90e4-1a89137ed881</powerpagesiteid>
  </powerpagesiteid>
  <statecode>0</statecode>
  <statuscode>1</statuscode>
</powerpagecomponent>