<powerpagecomponent powerpagecomponentid="86530be7-712a-b8e8-b66b-932e0d937138">
  <content>{
  "displayorder": 2,
  "weblinksetid": "275dbfbc-22ca-4954-9f58-708781f3971f",
  "pageid": "baf3d3c9-4cf8-e61e-eafc-bf42a94c7bdf",
  "publishingstateid": "a259ce53-d63f-4da8-958d-f3581d35dbb5",
  "displaypagevalidation": false,
  "displayimageonly": false,
  "displaypagechildlinks": false,
  "openinnewwindow": false,
  "robotsfollowlink": true
}</content>
  <iscustomizable>1</iscustomizable>
  <name>Sample Html Components</name>
  <powerpagecomponenttype>5</powerpagecomponenttype>
  <powerpagesiteid>
    <powerpagesiteid>5107f9ea-7583-45b0-acff-ca5ebb48b93e</powerpagesiteid>
  </powerpagesiteid>
  <statecode>1</statecode>
  <statuscode>2</statuscode>
</powerpagecomponent>