<powerpagecomponent powerpagecomponentid="ef7778e2-33b4-ee11-a569-0022482d6c81">
  <content>{
  "display_name": "Power Pages Plus Top Menu Bar",
  "value": "  &lt;div class=\"container d-flex justify-content-center justify-content-md-between\"&gt;\r\n    &lt;div class=\"contact-info d-flex align-items-center\"&gt;\r\n      &lt;i class=\"bi bi-envelope d-flex align-items-center\"&gt;&lt;a href=\"mailto:info@powerpagesplus.com\"&gt;info@powerpagesplus.com&lt;/a&gt;&lt;/i&gt;\r\n      &lt;i class=\"bi bi-phone d-flex align-items-center ms-4\"&gt;&lt;span&gt;+1-888-888-8888&lt;/span&gt;&lt;/i&gt;\r\n    &lt;/div&gt;\r\n    &lt;div class=\"social-links d-none d-md-flex align-items-center\"&gt;\r\n      &lt;a href=\"https://twitter.com/thevictordantas\" class=\"twitter\" target=\"_blank\"&gt;&lt;i class=\"fa-brands fa-x-twitter\"&gt;&lt;/i&gt;&lt;/a&gt;\r\n      &lt;a href=\"https://www.facebook.com/zerotoheromentorship\" class=\"facebook\" target=\"_blank\"&gt;&lt;i class=\"fa-brands fa-facebook-f\"&gt;&lt;/i&gt;&lt;/a&gt;\r\n      &lt;a href=\"https://instagram.com/thevictordantas\" class=\"instagram\" target=\"_blank\"&gt;&lt;i class=\"fa-brands fa-instagram\"&gt;&lt;/i&gt;&lt;/a&gt;\r\n      &lt;a href=\"https://linkedin.com/company/eyedeas-inc-365\" class=\"linkedin\" target=\"_blank\"&gt;&lt;i class=\"fa-brands fa-linkedin\"&gt;&lt;/i&gt;&lt;/a&gt;\r\n    &lt;/div&gt;\r\n  &lt;/div&gt;",
  "type": 756150001
}</content>
  <iscustomizable>1</iscustomizable>
  <name>Power Pages Plus Top Menu Bar</name>
  <powerpagecomponenttype>7</powerpagecomponenttype>
  <powerpagesiteid>
    <powerpagesiteid>8ff28ff6-80b7-4da9-a1f5-bba77dca87e6</powerpagesiteid>
  </powerpagesiteid>
  <statecode>0</statecode>
  <statuscode>1</statuscode>
</powerpagecomponent>