<powerpagecomponent powerpagecomponentid="fc84d4fd-1c41-4ef5-b1e3-de47d377eb40">
  <content>{"enabletracking":false,"excludefromsearch":false,"hiddenfromsitemap":false,"parentpageid":"9f83f7a2-22f5-4649-a269-74a699a16001","partialurl":"Cat-PC.png","publishingstateid":"b2990ee5-9cfa-4b2d-8a89-22cdf57d8f33"}</content>
  <filecontent mimetype="application/octet-stream">Cat-PC.png</filecontent>
  <iscustomizable>1</iscustomizable>
  <name>Cat-PC.png</name>
  <powerpagecomponenttype>3</powerpagecomponenttype>
  <powerpagesiteid>
    <powerpagesiteid>837d24e8-7fdd-4eb8-90e4-1a89137ed881</powerpagesiteid>
  </powerpagesiteid>
  <statecode>0</statecode>
  <statuscode>1</statuscode>
</powerpagecomponent>