<powerpagecomponent powerpagecomponentid="d4df7fa9-da27-4169-a2c1-74329af3c1bd">
  <content>{"enablerating":false,"enabletracking":false,"excludefromsearch":false,"hiddenfromsitemap":true,"isroot":false,"pagetemplateid":"26bfd5a0-dd8f-4186-a8c0-f67485c1ddf7","parentpageid":"9f83f7a2-22f5-4649-a269-74a699a16001","partialurl":"search","publishingstateid":"b2990ee5-9cfa-4b2d-8a89-22cdf57d8f33","rootwebpageid":"fec549b3-841e-4df6-80d2-5126ba9037bc","sharedpageconfiguration":false}</content>
  <iscustomizable>1</iscustomizable>
  <name>Search</name>
  <powerpagecomponenttype>2</powerpagecomponenttype>
  <powerpagesiteid>
    <powerpagesiteid>837d24e8-7fdd-4eb8-90e4-1a89137ed881</powerpagesiteid>
  </powerpagesiteid>
  <powerpagesitelanguageid>
    <powerpagesitelanguageid>101f264f-e5b7-4212-aba6-4465d9bb3701</powerpagesitelanguageid>
  </powerpagesitelanguageid>
  <searchcontent>Search</searchcontent>
  <statecode>0</statecode>
  <statuscode>1</statuscode>
</powerpagecomponent>