<powerpagecomponent powerpagecomponentid="f71c5c28-cda0-c901-233b-ac7617f6d886">
  <content>{
  "powerpagesitelanguageid": "101f264f-e5b7-4212-aba6-4465d9bb3701",
  "filecontent": null,
  "type": 756150000,
  "display_name": "Site name",
  "value": "Customer Xperience"
}</content>
  <iscustomizable>1</iscustomizable>
  <name>Site name</name>
  <powerpagecomponenttype>7</powerpagecomponenttype>
  <powerpagesiteid>
    <powerpagesiteid>837d24e8-7fdd-4eb8-90e4-1a89137ed881</powerpagesiteid>
  </powerpagesiteid>
  <powerpagesitelanguageid>
    <powerpagesitelanguageid>101f264f-e5b7-4212-aba6-4465d9bb3701</powerpagesitelanguageid>
  </powerpagesitelanguageid>
  <statecode>0</statecode>
  <statuscode>1</statuscode>
</powerpagecomponent>