<powerpagecomponent powerpagecomponentid="40742290-b1c7-440d-9772-7bc8d2853a62">
  <content>{"enabletracking":false,"excludefromsearch":false,"hiddenfromsitemap":false,"parentpageid":"8834415b-87ed-4c58-87e4-64597db26e99","partialurl":"Cat-PC.png","publishingstateid":"a259ce53-d63f-4da8-958d-f3581d35dbb5"}</content>
  <filecontent mimetype="application/octet-stream">Cat-PC.png</filecontent>
  <iscustomizable>1</iscustomizable>
  <name>Cat-PC.png</name>
  <powerpagecomponenttype>3</powerpagecomponenttype>
  <powerpagesiteid>
    <powerpagesiteid>5107f9ea-7583-45b0-acff-ca5ebb48b93e</powerpagesiteid>
  </powerpagesiteid>
  <statecode>0</statecode>
  <statuscode>1</statuscode>
</powerpagecomponent>