<powerpagecomponent powerpagecomponentid="35b70a3c-dfc3-4a58-abfc-e8396d4991d7">
  <content>{"enablerating":false,"enabletracking":false,"excludefromsearch":false,"hiddenfromsitemap":true,"isroot":true,"pagetemplateid":"79314938-9beb-4731-a603-a1992f9c39f0","parentpageid":"e740e969-cb91-4888-81ed-1a289bc99048","partialurl":"search","publishingstateid":"223b296f-4977-4774-924c-19e26a31cacc","sharedpageconfiguration":false}</content>
  <iscustomizable>1</iscustomizable>
  <name>Search</name>
  <powerpagecomponenttype>2</powerpagecomponenttype>
  <powerpagesiteid>
    <powerpagesiteid>8ff28ff6-80b7-4da9-a1f5-bba77dca87e6</powerpagesiteid>
  </powerpagesiteid>
  <searchcontent>Search</searchcontent>
  <statecode>0</statecode>
  <statuscode>1</statuscode>
</powerpagecomponent>