<powerpagecomponent powerpagecomponentid="2e60c067-61f1-ee11-a1fd-0022486d9037">
  <content>{
  "title": "Dashboard Navigation",
  "display_name": "Dashboard Navigation",
  "publishingstateid": "b2990ee5-9cfa-4b2d-8a89-22cdf57d8f33"
}</content>
  <iscustomizable>1</iscustomizable>
  <name>Dashboard Navigation</name>
  <powerpagecomponenttype>4</powerpagecomponenttype>
  <powerpagesiteid>
    <powerpagesiteid>837d24e8-7fdd-4eb8-90e4-1a89137ed881</powerpagesiteid>
  </powerpagesiteid>
  <powerpagesitelanguageid>
    <powerpagesitelanguageid>101f264f-e5b7-4212-aba6-4465d9bb3701</powerpagesitelanguageid>
  </powerpagesitelanguageid>
  <statecode>0</statecode>
  <statuscode>1</statuscode>
</powerpagecomponent>