<powerpagecomponent powerpagecomponentid="f3d4e25e-8150-4a79-b227-e16fbc9e7d7b">
  <content>{"contentdisposition":756150000,"enabletracking":false,"excludefromsearch":false,"hiddenfromsitemap":false,"parentpageid":"e1acc288-92f1-4695-8aa5-7c4dc439f6bb","partialurl":"Video 1.png","publishingstateid":"1363c145-fb5a-4fe8-aef1-6c9197cb44ed"}</content>
  <filecontent mimetype="application/octet-stream">Video 1.png</filecontent>
  <iscustomizable>1</iscustomizable>
  <name>Video 1.png</name>
  <powerpagecomponenttype>3</powerpagecomponenttype>
  <powerpagesiteid>
    <powerpagesiteid>7a7af223-c485-4e81-ab63-e7992354648d</powerpagesiteid>
  </powerpagesiteid>
  <statecode>0</statecode>
  <statuscode>1</statuscode>
</powerpagecomponent>