<powerpagecomponent powerpagecomponentid="6b3c49e3-39b4-ee11-a569-0022482d6c81">
  <content>{
  "value": "&lt;link rel=\"stylesheet\" href=\"https://cdnjs.cloudflare.com/ajax/libs/glightbox/3.2.0/css/glightbox.css\" integrity=\"sha512-iQ3H4A+iyBTP8M4ypX5PrTt2S+G1zmRjf0k0uOASKlFHysV8TL9ZoQyVwPss0D12IBTMoDEHA8+bg8a1viS9Mg==\" crossorigin=\"anonymous\" referrerpolicy=\"no-referrer\" /&gt;",
  "display_name": "Head/Bottom",
  "type": 756150001
}</content>
  <iscustomizable>1</iscustomizable>
  <name>Head/Bottom</name>
  <powerpagecomponenttype>7</powerpagecomponenttype>
  <powerpagesiteid>
    <powerpagesiteid>8ff28ff6-80b7-4da9-a1f5-bba77dca87e6</powerpagesiteid>
  </powerpagesiteid>
  <statecode>0</statecode>
  <statuscode>1</statuscode>
</powerpagecomponent>