<powerpagecomponent powerpagecomponentid="a2e860a5-e9d0-ee11-904c-000d3a0a0ba3">
  <content>{
  "value": "&lt;meta name=\"description\" content=\"Power Pages Plus, where innovation meets efficiency in the realm of Power Pages development. Our Premium Templates redefine Power Pages projects, offering users the freedom to concentrate on project development while we expertly manage meticulous website branding and design. Subscribe today and gain access to our Premium Templates gallery and Custom Components library.\"/&gt;\r\n&lt;meta name=\"robots\" content=\"index,follow\" /&gt;\r\n&lt;meta name=\"googlebot\" content=\"index,follow\" /&gt;\r\n\r\n&lt;meta property=\"og:image\" content=\"https://www.powerpagesplus.com/features-2.png\"/&gt;\r\n&lt;meta property=\"og:type\" content=\"website\" /&gt;\r\n&lt;meta property=\"og:title\" content=\"Power Pages Plus\"/&gt;\r\n&lt;meta property=\"og:url\" content=\"https://www.powerpagesplus.com/\" /&gt;\r\n&lt;meta property=\"og:description\" content=\"Power Pages Plus, where innovation meets efficiency in the realm of Power Pages development. Our Premium Templates redefine Power Pages projects, offering users the freedom to concentrate on project development while we expertly manage meticulous website branding and design. Subscribe today and gain access to our Premium Templates gallery and Custom Components library.\"/&gt;\r\n\r\n&lt;!--Twitter--&gt;\r\n&lt;meta name=\"twitter:title\" content=\"Power Pages Plus\" /&gt;\r\n&lt;meta name=\"twitter:description\" content=\"Power Pages Plus, where innovation meets efficiency in the realm of Power Pages development.\" /&gt;\r\n&lt;meta name=\"twitter:image\" content=\"https://www.powerpagesplus.com/features-2.png\" /&gt;\r\n&lt;meta name=\"twitter:card\" content=\"summary_large_image\" /&gt;\r\n&lt;meta name=\"twitter:image:alt\" content=\"Power Pages Plus\" /&gt;\r\n\r\n&lt;script src=\"/Xrm.Portal.js\"&gt;&lt;/script&gt;\r\n\r\n&lt;script src=\"https://cdnjs.cloudflare.com/ajax/libs/glightbox/3.2.0/js/glightbox.min.js\" integrity=\"sha512-S/H9RQ6govCzeA7F9D0m8NGfsGf0/HjJEiLEfWGaMCjFzavo+DkRbYtZLSO+X6cZsIKQ6JvV/7Y9YMaYnSGnAA==\" crossorigin=\"anonymous\" referrerpolicy=\"no-referrer\"&gt;&lt;/script&gt;\r\n&lt;link rel=\"stylesheet\" href=\"https://cdnjs.cloudflare.com/ajax/libs/glightbox/3.2.0/css/glightbox.min.css\" integrity=\"sha512-T+KoG3fbDoSnlgEXFQqwcTC9AdkFIxhBlmoaFqYaIjq2ShhNwNao9AKaLUPMfwiBPL0ScxAtc+UYbHAgvd+sjQ==\" crossorigin=\"anonymous\" referrerpolicy=\"no-referrer\" /&gt;\r\n&lt;link rel=\"stylesheet\" href=\"/font-awesome.all.min.css\"/&gt;\r\n\r\n\r\n\r\n",
  "type": 756150001
}</content>
  <iscustomizable>1</iscustomizable>
  <name>Head/Bottom</name>
  <powerpagecomponenttype>7</powerpagecomponenttype>
  <powerpagesiteid>
    <powerpagesiteid>837d24e8-7fdd-4eb8-90e4-1a89137ed881</powerpagesiteid>
  </powerpagesiteid>
  <statecode>0</statecode>
  <statuscode>1</statuscode>
</powerpagecomponent>