<powerpagecomponent powerpagecomponentid="605d986c-d6cc-4344-b047-24346146807c">
  <content>{"description":"A true or false value. If set to true, the portal will display the terms and conditions of the site. Users must agree to the terms and conditions before they are considered authenticated and can use the site.","value":"false"}</content>
  <iscustomizable>1</iscustomizable>
  <name>Authentication/Registration/TermsAgreementEnabled</name>
  <powerpagecomponenttype>9</powerpagecomponenttype>
  <powerpagesiteid>
    <powerpagesiteid>837d24e8-7fdd-4eb8-90e4-1a89137ed881</powerpagesiteid>
  </powerpagesiteid>
  <statecode>0</statecode>
  <statuscode>1</statuscode>
</powerpagecomponent>