<powerpagecomponent powerpagecomponentid="5a91a124-5209-46c6-a0c2-6eec17bd1dd2">
  <content>{"display_name":"Default","publishingstateid":"6d114fc2-bbff-41a0-93e2-7e00f73b1531"}</content>
  <iscustomizable>1</iscustomizable>
  <name>Default</name>
  <powerpagecomponenttype>4</powerpagecomponenttype>
  <powerpagesiteid>
    <powerpagesiteid>74d98b9e-9df8-4a46-87f0-afb16d25e531</powerpagesiteid>
  </powerpagesiteid>
  <powerpagesitelanguageid>
    <powerpagesitelanguageid>f0033b08-30b3-4459-925b-b3e9822640db</powerpagesitelanguageid>
  </powerpagesitelanguageid>
  <statecode>0</statecode>
  <statuscode>1</statuscode>
</powerpagecomponent>