<powerpagecomponent powerpagecomponentid="8f3935fc-c9c5-4f7a-b115-f88c1e8c7c7b">
  <content>{"description":"Enabling this setting will show all customer activity on the portal timeline.","value":"false"}</content>
  <iscustomizable>1</iscustomizable>
  <name>CustomerSupport/DisplayAllUserActivitiesOnTimeline</name>
  <powerpagecomponenttype>9</powerpagecomponenttype>
  <powerpagesiteid>
    <powerpagesiteid>7a7af223-c485-4e81-ab63-e7992354648d</powerpagesiteid>
  </powerpagesiteid>
  <statecode>0</statecode>
  <statuscode>1</statuscode>
</powerpagecomponent>