<powerpagecomponent powerpagecomponentid="e026ea47-505a-cb76-70ff-a2a246770606">
  <content>{
  "displayorder": 3,
  "weblinksetid": "275dbfbc-22ca-4954-9f58-708781f3971f",
  "pageid": "5513fd6e-a766-95be-8df0-660084bd0fe6",
  "publishingstateid": "a259ce53-d63f-4da8-958d-f3581d35dbb5",
  "displaypagevalidation": false,
  "displayimageonly": false,
  "displaypagechildlinks": false,
  "openinnewwindow": false,
  "robotsfollowlink": true
}</content>
  <iscustomizable>1</iscustomizable>
  <name>Settings</name>
  <powerpagecomponenttype>5</powerpagecomponenttype>
  <powerpagesiteid>
    <powerpagesiteid>5107f9ea-7583-45b0-acff-ca5ebb48b93e</powerpagesiteid>
  </powerpagesiteid>
  <statecode>1</statecode>
  <statuscode>2</statuscode>
</powerpagecomponent>