<powerpagecomponent powerpagecomponentid="9b52e57c-a520-13d7-748f-b63ef538e342">
  <content>{"createdOn":"2024-01-15T20:35:27.267Z","parentpageid":"e740e969-cb91-4888-81ed-1a289bc99048","publishingstateid":"223b296f-4977-4774-924c-19e26a31cacc","partialurl":"GREY-1.scss","title":"","summary":"GREY_DESCRIPTION","enabletracking":false,"excludefromsearch":false,"hiddenfromsitemap":false}</content>
  <filecontent mimetype="application/octet-stream">GREY%20(1)</filecontent>
  <iscustomizable>1</iscustomizable>
  <name>GREY (1)</name>
  <powerpagecomponenttype>3</powerpagecomponenttype>
  <powerpagesiteid>
    <powerpagesiteid>8ff28ff6-80b7-4da9-a1f5-bba77dca87e6</powerpagesiteid>
  </powerpagesiteid>
  <statecode>0</statecode>
  <statuscode>1</statuscode>
</powerpagecomponent>