<powerpagecomponent powerpagecomponentid="ecd2c161-183b-4f06-b226-78db0f757cac">
  <content>{"disablepagevalidation":false,"displayimageonly":false,"displayorder":1,"displaypagechildlinks":false,"openinnewwindow":false,"pageid":"e1acc288-92f1-4695-8aa5-7c4dc439f6bb","publishingstateid":"1363c145-fb5a-4fe8-aef1-6c9197cb44ed","robotsfollowlink":true,"weblinksetid":"769d184c-15b1-4a0e-b707-250a394eb15d"}</content>
  <iscustomizable>1</iscustomizable>
  <name>Home</name>
  <powerpagecomponenttype>5</powerpagecomponenttype>
  <powerpagesiteid>
    <powerpagesiteid>7a7af223-c485-4e81-ab63-e7992354648d</powerpagesiteid>
  </powerpagesiteid>
  <statecode>0</statecode>
  <statuscode>1</statuscode>
</powerpagecomponent>