<powerpagecomponent powerpagecomponentid="3010667d-dea7-b2f7-0087-989ddcb32ed2">
  <content>{
  "displayorder": 3,
  "weblinksetid": "d9bd903d-b26b-480a-9ef0-5b272f100676",
  "pageid": "8bac430b-3d14-44c6-cd0d-a1ea3bc05adb",
  "publishingstateid": "223b296f-4977-4774-924c-19e26a31cacc",
  "displaypagevalidation": false,
  "displayimageonly": false,
  "displaypagechildlinks": false,
  "openinnewwindow": false,
  "robotsfollowlink": true
}</content>
  <iscustomizable>1</iscustomizable>
  <name>Image Gallery</name>
  <powerpagecomponenttype>5</powerpagecomponenttype>
  <powerpagesiteid>
    <powerpagesiteid>8ff28ff6-80b7-4da9-a1f5-bba77dca87e6</powerpagesiteid>
  </powerpagesiteid>
  <statecode>0</statecode>
  <statuscode>1</statuscode>
</powerpagecomponent>