<powerpagecomponent powerpagecomponentid="38f0609d-508b-4080-8734-58f24556cd38">
  <content>{"source":"&lt;!-- Default studio template. Please do not modify --&gt;\r\n&lt;div id=\"mainContent\" class = \"wrapper-body\" role=\"main\"&gt;\r\n    {% include 'Page Copy' %}\r\n&lt;/div&gt;"}</content>
  <iscustomizable>1</iscustomizable>
  <name>Default studio template</name>
  <powerpagecomponenttype>8</powerpagecomponenttype>
  <powerpagesiteid>
    <powerpagesiteid>7a7af223-c485-4e81-ab63-e7992354648d</powerpagesiteid>
  </powerpagesiteid>
  <statecode>0</statecode>
  <statuscode>1</statuscode>
</powerpagecomponent>