<powerpagecomponent powerpagecomponentid="59bb9b0b-5aba-4096-b115-60bf35e00426">
  <content>{"enablerating":false,"enabletracking":false,"excludefromsearch":false,"feedbackpolicy":756150000,"hiddenfromsitemap":true,"isroot":true,"pagetemplateid":"2d90e1fb-4afd-42cb-9b37-f01eca1877e7","parentpageid":"e1acc288-92f1-4695-8aa5-7c4dc439f6bb","partialurl":"search","publishingstateid":"1363c145-fb5a-4fe8-aef1-6c9197cb44ed","sharedpageconfiguration":false}</content>
  <iscustomizable>1</iscustomizable>
  <name>Search</name>
  <powerpagecomponenttype>2</powerpagecomponenttype>
  <powerpagesiteid>
    <powerpagesiteid>7a7af223-c485-4e81-ab63-e7992354648d</powerpagesiteid>
  </powerpagesiteid>
  <searchcontent>Search</searchcontent>
  <statecode>0</statecode>
  <statuscode>1</statuscode>
</powerpagecomponent>