<powerpagecomponent powerpagecomponentid="6689f0db-4cbb-468a-8759-b585c4135faa">
  <content>{"copy":"&lt;div class='row sectionBlockLayout text-start' style='display: flex; flex-wrap: wrap; margin: 0px; min-height: auto; padding: 8px;'&gt;\r\n  &lt;div class='container' style='padding: 0px; display: flex; flex-wrap: wrap;'&gt;\r\n    &lt;div class='col-lg-12 columnBlockLayout' style='flex-grow: 1; display: flex; flex-direction: column; min-width: 300px;'&gt;&lt;/div&gt;\r\n  &lt;/div&gt;\r\n&lt;/div&gt;\r\n\r\n","displayorder":1,"enablerating":false,"enabletracking":false,"excludefromsearch":false,"feedbackpolicy":756150005,"hiddenfromsitemap":false,"isroot":false,"pagetemplateid":"909f52e6-a088-407e-b8b8-26ac2c9f83bc","partialurl":"/","publishingstateid":"b2990ee5-9cfa-4b2d-8a89-22cdf57d8f33","rootwebpageid":"9f83f7a2-22f5-4649-a269-74a699a16001","sharedpageconfiguration":false,"summary":"&lt;p&gt;This is a sample landing page for you to start creating your website.&lt;/p&gt;\r\n\r\n","title":"Home"}</content>
  <iscustomizable>1</iscustomizable>
  <name>Home</name>
  <powerpagecomponenttype>2</powerpagecomponenttype>
  <powerpagesiteid>
    <powerpagesiteid>837d24e8-7fdd-4eb8-90e4-1a89137ed881</powerpagesiteid>
  </powerpagesiteid>
  <powerpagesitelanguageid>
    <powerpagesitelanguageid>101f264f-e5b7-4212-aba6-4465d9bb3701</powerpagesitelanguageid>
  </powerpagesitelanguageid>
  <searchcontent>Home&lt;div class='row sectionBlockLayout text-start' style='display: flex; flex-wrap: wrap; margin: 0px; min-height: auto; padding: 8px;'&gt;
  &lt;div class='container' style='padding: 0px; display: flex; flex-wrap: wrap;'&gt;
    &lt;div class='col-lg-12 columnBlockLayout' style='flex-grow: 1; display: flex; flex-direction: column; min-width: 300px;'&gt;&lt;/div&gt;
  &lt;/div&gt;
&lt;/div&gt;

Home</searchcontent>
  <statecode>0</statecode>
  <statuscode>1</statuscode>
</powerpagecomponent>