<powerpagecomponent powerpagecomponentid="62b71fd6-bf62-4677-8831-03e2ac38bb28">
  <content>{"enablerating":false,"enabletracking":false,"excludefromsearch":true,"hiddenfromsitemap":true,"isroot":true,"pagetemplateid":"909f52e6-a088-407e-b8b8-26ac2c9f83bc","parentpageid":"9f83f7a2-22f5-4649-a269-74a699a16001","partialurl":"page-not-found","publishingstateid":"b2990ee5-9cfa-4b2d-8a89-22cdf57d8f33","sharedpageconfiguration":false}</content>
  <iscustomizable>1</iscustomizable>
  <name>Page Not Found</name>
  <powerpagecomponenttype>2</powerpagecomponenttype>
  <powerpagesiteid>
    <powerpagesiteid>837d24e8-7fdd-4eb8-90e4-1a89137ed881</powerpagesiteid>
  </powerpagesiteid>
  <searchcontent>Page Not Found</searchcontent>
  <statecode>0</statecode>
  <statuscode>1</statuscode>
</powerpagecomponent>