<powerpagecomponent powerpagecomponentid="280ed4c9-f0e2-4bb8-98af-1caf4e47333d">
  <content>{"createdOn":"2024-01-16T06:23:24.993Z","parentpageid":"e740e969-cb91-4888-81ed-1a289bc99048","publishingstateid":"223b296f-4977-4774-924c-19e26a31cacc","partialurl":"ppp-logo-white.png","title":"","summary":"","enabletracking":false,"excludefromsearch":false,"hiddenfromsitemap":false}</content>
  <filecontent mimetype="image/png">ppp-logo-white.png</filecontent>
  <iscustomizable>1</iscustomizable>
  <name>ppp-logo-white.png</name>
  <powerpagecomponenttype>3</powerpagecomponenttype>
  <powerpagesiteid>
    <powerpagesiteid>8ff28ff6-80b7-4da9-a1f5-bba77dca87e6</powerpagesiteid>
  </powerpagesiteid>
  <statecode>0</statecode>
  <statuscode>1</statuscode>
</powerpagecomponent>