<powerpagecomponent powerpagecomponentid="84fadcb6-75b5-4e94-8bd1-2a96e6bd1ffe">
  <content>{"adx_webpageaccesscontrolrule_webrole":["469d70df-f256-458f-8574-1ec42a7233d0"],"right":1,"webpageid":"9f83f7a2-22f5-4649-a269-74a699a16001"}</content>
  <iscustomizable>1</iscustomizable>
  <name>Grant Change to Administrators</name>
  <powerpagecomponenttype>10</powerpagecomponenttype>
  <powerpagesiteid>
    <powerpagesiteid>837d24e8-7fdd-4eb8-90e4-1a89137ed881</powerpagesiteid>
  </powerpagesiteid>
  <statecode>0</statecode>
  <statuscode>1</statuscode>
</powerpagecomponent>