<powerpagecomponent powerpagecomponentid="d85d148c-1d03-79d3-9d0d-e308b06c2f64">
  <content>{
  "filecontent": null,
  "displayorder": 4,
  "customcss": "",
  "customjavascript": "",
  "pagetemplateid": "733a5ff4-23d1-ee11-904c-000d3a0a0ba3",
  "parentpageid": "8767d10a-f954-ea97-7e0f-f93afe5870d4",
  "partialurl": "cards",
  "isroot": true,
  "title": "Cards",
  "summary": "&lt;p&gt;This is a sample landing page designed to be a starting point for your website&lt;/p&gt;",
  "copy": "",
  "publishingstateid": "b2990ee5-9cfa-4b2d-8a89-22cdf57d8f33",
  "enablerating": false,
  "enabletracking": false,
  "excludefromsearch": false,
  "hiddenfromsitemap": true,
  "sharedpageconfiguration": false
}</content>
  <iscustomizable>1</iscustomizable>
  <name>Cards</name>
  <powerpagecomponenttype>2</powerpagecomponenttype>
  <powerpagesiteid>
    <powerpagesiteid>837d24e8-7fdd-4eb8-90e4-1a89137ed881</powerpagesiteid>
  </powerpagesiteid>
  <searchcontent>CardsCards</searchcontent>
  <statecode>0</statecode>
  <statuscode>1</statuscode>
</powerpagecomponent>