<powerpagecomponent powerpagecomponentid="a0991ccd-8a17-4ddd-bb04-2b8e8c3a091b">
  <content>{"createdOn":"2023-11-09T19:57:04.728Z","parentpageid":"e1acc288-92f1-4695-8aa5-7c4dc439f6bb","publishingstateid":"1363c145-fb5a-4fe8-aef1-6c9197cb44ed","partialurl":"rectangle-1.png","title":"","summary":"","enabletracking":false,"excludefromsearch":false,"hiddenfromsitemap":false}</content>
  <filecontent mimetype="image/png">rectangle-1.png</filecontent>
  <iscustomizable>1</iscustomizable>
  <name>rectangle-1.png</name>
  <powerpagecomponenttype>3</powerpagecomponenttype>
  <powerpagesiteid>
    <powerpagesiteid>7a7af223-c485-4e81-ab63-e7992354648d</powerpagesiteid>
  </powerpagesiteid>
  <statecode>0</statecode>
  <statuscode>1</statuscode>
</powerpagecomponent>