<powerpagecomponent powerpagecomponentid="15be9293-cbdb-4799-91cc-a00c5c17ed22">
  <content>{
  "powerpagesitelanguageid": "bf9e859a-915e-4381-a595-374e5d772c38",
  "display_name": "Footer",
  "type": 756150001,
  "value": "&lt;p class=\"smallText\" style=\"color: var(--portalThemeColor7);\"&gt;Copyright © 2023, Power Pages Plus by Eyedeas Inc . All rights reserved.&lt;/p&gt;\n&lt;script&gt;\n  document.getElementById(\"year\").innerHTML = new Date().getFullYear();\n&lt;/script&gt;\n"
}</content>
  <iscustomizable>1</iscustomizable>
  <name>Footer</name>
  <powerpagecomponenttype>7</powerpagecomponenttype>
  <powerpagesiteid>
    <powerpagesiteid>7a7af223-c485-4e81-ab63-e7992354648d</powerpagesiteid>
  </powerpagesiteid>
  <powerpagesitelanguageid>
    <powerpagesitelanguageid>bf9e859a-915e-4381-a595-374e5d772c38</powerpagesitelanguageid>
  </powerpagesitelanguageid>
  <statecode>0</statecode>
  <statuscode>1</statuscode>
</powerpagecomponent>