<powerpagecomponent powerpagecomponentid="4636de02-d1ad-4099-8808-a5c0cb9b7164">
  <content>{"createdOn":"2025-11-07T05:37:55.038Z","parentpageid":"8834415b-87ed-4c58-87e4-64597db26e99","publishingstateid":"a259ce53-d63f-4da8-958d-f3581d35dbb5","partialurl":"power-pages-extensions-icon.png","title":"","summary":"","enabletracking":false,"excludefromsearch":false,"hiddenfromsitemap":false}</content>
  <filecontent mimetype="image/png">power-pages-extensions-icon.png</filecontent>
  <iscustomizable>1</iscustomizable>
  <name>power-pages-extensions-icon.png</name>
  <powerpagecomponenttype>3</powerpagecomponenttype>
  <powerpagesiteid>
    <powerpagesiteid>5107f9ea-7583-45b0-acff-ca5ebb48b93e</powerpagesiteid>
  </powerpagesiteid>
  <statecode>0</statecode>
  <statuscode>1</statuscode>
</powerpagecomponent>