<powerpagecomponent powerpagecomponentid="bd2f30ce-651c-4d06-a5bb-f5ad2daf90b1">
  <content>{"copy":"&lt;div class='row sectionBlockLayout text-start' style='display: flex; flex-wrap: wrap; margin: 0px; min-height: auto; padding: 8px;'&gt;\r\n  &lt;div class='container' style='padding: 0px; display: flex; flex-wrap: wrap;'&gt;\r\n    &lt;div class='col-lg-12 columnBlockLayout' style='flex-grow: 1; display: flex; flex-direction: column; min-width: 300px;'&gt;&lt;/div&gt;\r\n  &lt;/div&gt;\r\n&lt;/div&gt;\r\n\r\n","displayorder":1,"enablerating":false,"enabletracking":false,"excludefromsearch":false,"feedbackpolicy":756150005,"hiddenfromsitemap":false,"isroot":false,"pagetemplateid":"38cb18ab-3441-4a11-8a4a-c2b4982647ce","partialurl":"/","publishingstateid":"6d114fc2-bbff-41a0-93e2-7e00f73b1531","rootwebpageid":"bb799056-69d8-4584-9118-f2467f0f6234","sharedpageconfiguration":false,"summary":"&lt;p&gt;This is a sample landing page for you to start creating your website.&lt;/p&gt;\r\n\r\n","title":"Home"}</content>
  <iscustomizable>1</iscustomizable>
  <name>Home</name>
  <powerpagecomponenttype>2</powerpagecomponenttype>
  <powerpagesiteid>
    <powerpagesiteid>74d98b9e-9df8-4a46-87f0-afb16d25e531</powerpagesiteid>
  </powerpagesiteid>
  <powerpagesitelanguageid>
    <powerpagesitelanguageid>f0033b08-30b3-4459-925b-b3e9822640db</powerpagesitelanguageid>
  </powerpagesitelanguageid>
  <searchcontent>Home&lt;div class='row sectionBlockLayout text-start' style='display: flex; flex-wrap: wrap; margin: 0px; min-height: auto; padding: 8px;'&gt;
  &lt;div class='container' style='padding: 0px; display: flex; flex-wrap: wrap;'&gt;
    &lt;div class='col-lg-12 columnBlockLayout' style='flex-grow: 1; display: flex; flex-direction: column; min-width: 300px;'&gt;&lt;/div&gt;
  &lt;/div&gt;
&lt;/div&gt;

Home</searchcontent>
  <statecode>0</statecode>
  <statuscode>1</statuscode>
</powerpagecomponent>