<powerpagecomponent powerpagecomponentid="90383a2d-9017-4183-8118-a83ff84e483d">
  <content>{"enablerating":false,"enabletracking":false,"excludefromsearch":true,"feedbackpolicy":756150000,"hiddenfromsitemap":true,"isroot":true,"pagetemplateid":"85b0b08a-259e-4b19-93db-df0e8a46d86b","parentpageid":"e1acc288-92f1-4695-8aa5-7c4dc439f6bb","partialurl":"access-denied","publishingstateid":"1363c145-fb5a-4fe8-aef1-6c9197cb44ed","sharedpageconfiguration":false}</content>
  <iscustomizable>1</iscustomizable>
  <name>Access Denied</name>
  <powerpagecomponenttype>2</powerpagecomponenttype>
  <powerpagesiteid>
    <powerpagesiteid>7a7af223-c485-4e81-ab63-e7992354648d</powerpagesiteid>
  </powerpagesiteid>
  <searchcontent>Access Denied</searchcontent>
  <statecode>0</statecode>
  <statuscode>1</statuscode>
</powerpagecomponent>