<powerpagecomponent powerpagecomponentid="276a597f-bf77-9c8b-ee85-7510f86106b8">
  <content>{
  "filecontent": null,
  "displayorder": 5,
  "customcss": "",
  "customjavascript": "",
  "pagetemplateid": "733a5ff4-23d1-ee11-904c-000d3a0a0ba3",
  "parentpageid": "8767d10a-f954-ea97-7e0f-f93afe5870d4",
  "partialurl": "buttons",
  "isroot": true,
  "title": "Buttons",
  "summary": "&lt;p&gt;This is a sample landing page designed to be a starting point for your website&lt;/p&gt;",
  "copy": "",
  "publishingstateid": "b2990ee5-9cfa-4b2d-8a89-22cdf57d8f33",
  "enablerating": false,
  "enabletracking": false,
  "excludefromsearch": false,
  "hiddenfromsitemap": true,
  "sharedpageconfiguration": false
}</content>
  <iscustomizable>1</iscustomizable>
  <name>Buttons</name>
  <powerpagecomponenttype>2</powerpagecomponenttype>
  <powerpagesiteid>
    <powerpagesiteid>837d24e8-7fdd-4eb8-90e4-1a89137ed881</powerpagesiteid>
  </powerpagesiteid>
  <searchcontent>ButtonsButtons</searchcontent>
  <statecode>0</statecode>
  <statuscode>1</statuscode>
</powerpagecomponent>