<powerpagecomponent powerpagecomponentid="ef40139f-0585-4b7d-82c4-25dbc1faa3a6">
  <content>{"createdOn":"2024-04-17T02:06:09.622Z","parentpageid":"9f83f7a2-22f5-4649-a269-74a699a16001","publishingstateid":"b2990ee5-9cfa-4b2d-8a89-22cdf57d8f33","partialurl":"pp-small-logo-white.png","title":"","summary":"","enabletracking":false,"excludefromsearch":false,"hiddenfromsitemap":false}</content>
  <filecontent mimetype="image/png">pp-small-logo-white.png</filecontent>
  <iscustomizable>1</iscustomizable>
  <name>pp-small-logo-white.png</name>
  <powerpagecomponenttype>3</powerpagecomponenttype>
  <powerpagesiteid>
    <powerpagesiteid>837d24e8-7fdd-4eb8-90e4-1a89137ed881</powerpagesiteid>
  </powerpagesiteid>
  <statecode>0</statecode>
  <statuscode>1</statuscode>
</powerpagecomponent>