<powerpagecomponent powerpagecomponentid="1fac515a-2fa5-4466-8c10-c6d0c9666140">
  <content>{"adx_websiteaccess_webrole":["469d70df-f256-458f-8574-1ec42a7233d0"],"managecontentsnippets":true,"managesitemarkers":true,"manageweblinksets":true,"previewunpublishedentities":true}</content>
  <iscustomizable>1</iscustomizable>
  <name>Administrative permissions for Blank Template</name>
  <powerpagecomponenttype>12</powerpagecomponenttype>
  <powerpagesiteid>
    <powerpagesiteid>837d24e8-7fdd-4eb8-90e4-1a89137ed881</powerpagesiteid>
  </powerpagesiteid>
  <statecode>0</statecode>
  <statuscode>1</statuscode>
</powerpagecomponent>