<powerpagecomponent powerpagecomponentid="2b94c713-3393-f1f7-c72e-d9baeef6c154">
  <content>{
  "filecontent": null,
  "displayorder": 6,
  "parentweblinkid": "0837aeab-8576-cacd-56d2-5deb8ae4bd42",
  "weblinksetid": "05484a1d-049e-4da1-988d-9c9aa6cea819",
  "pageid": "fffe06ed-9c89-13dc-1487-a2fdbefad01e",
  "publishingstateid": "b2990ee5-9cfa-4b2d-8a89-22cdf57d8f33",
  "displaypagevalidation": false,
  "displayimageonly": false,
  "displaypagechildlinks": false,
  "openinnewwindow": false,
  "robotsfollowlink": true
}</content>
  <iscustomizable>1</iscustomizable>
  <name>Borders</name>
  <powerpagecomponenttype>5</powerpagecomponenttype>
  <powerpagesiteid>
    <powerpagesiteid>837d24e8-7fdd-4eb8-90e4-1a89137ed881</powerpagesiteid>
  </powerpagesiteid>
  <statecode>0</statecode>
  <statuscode>1</statuscode>
</powerpagecomponent>