<powerpagecomponent powerpagecomponentid="754e1671-0fb3-4d70-b35b-c9448dd1127e">
  <content>{"displayorder":1,"enabletracking":false,"excludefromsearch":true,"hiddenfromsitemap":true,"parentpageid":"bb799056-69d8-4584-9118-f2467f0f6234","partialurl":"bootstrap.min.css","publishingstateid":"6d114fc2-bbff-41a0-93e2-7e00f73b1531"}</content>
  <filecontent mimetype="application/octet-stream">bootstrap.min.css</filecontent>
  <iscustomizable>1</iscustomizable>
  <name>bootstrap.min.css</name>
  <powerpagecomponenttype>3</powerpagecomponenttype>
  <powerpagesiteid>
    <powerpagesiteid>74d98b9e-9df8-4a46-87f0-afb16d25e531</powerpagesiteid>
  </powerpagesiteid>
  <statecode>0</statecode>
  <statuscode>1</statuscode>
</powerpagecomponent>