<powerpagecomponent powerpagecomponentid="21ba44f9-3a92-4f95-8f2a-576ff117910f">
  <content>{"enablerating":false,"enabletracking":false,"excludefromsearch":true,"hiddenfromsitemap":true,"isroot":true,"pagetemplateid":"38cb18ab-3441-4a11-8a4a-c2b4982647ce","parentpageid":"bb799056-69d8-4584-9118-f2467f0f6234","partialurl":"page-not-found","publishingstateid":"6d114fc2-bbff-41a0-93e2-7e00f73b1531","sharedpageconfiguration":false}</content>
  <iscustomizable>1</iscustomizable>
  <name>Page Not Found</name>
  <powerpagecomponenttype>2</powerpagecomponenttype>
  <powerpagesiteid>
    <powerpagesiteid>74d98b9e-9df8-4a46-87f0-afb16d25e531</powerpagesiteid>
  </powerpagesiteid>
  <searchcontent>Page Not Found</searchcontent>
  <statecode>0</statecode>
  <statuscode>1</statuscode>
</powerpagecomponent>