<powerpagecomponent powerpagecomponentid="4967f931-4348-1772-11e9-11859185fa1e">
  <content>{
  "displayorder": 4,
  "weblinksetid": "275dbfbc-22ca-4954-9f58-708781f3971f",
  "pageid": "03ee4014-714d-57df-a73c-15537d84bf68",
  "publishingstateid": "a259ce53-d63f-4da8-958d-f3581d35dbb5",
  "displaypagevalidation": false,
  "displayimageonly": false,
  "displaypagechildlinks": false,
  "openinnewwindow": false,
  "robotsfollowlink": true
}</content>
  <iscustomizable>1</iscustomizable>
  <name>Form Html Components</name>
  <powerpagecomponenttype>5</powerpagecomponenttype>
  <powerpagesiteid>
    <powerpagesiteid>5107f9ea-7583-45b0-acff-ca5ebb48b93e</powerpagesiteid>
  </powerpagesiteid>
  <statecode>1</statecode>
  <statuscode>2</statuscode>
</powerpagecomponent>