<powerpagecomponent powerpagecomponentid="cac50de4-b415-41ac-9e85-3cbc135f40f8">
  <content>{"disablepagevalidation":false,"displayimageonly":false,"displayorder":1,"displaypagechildlinks":false,"openinnewwindow":false,"pageid":"a03f4c85-2cfa-457b-926b-0efa463774e9","parentweblinkid":"7dff8057-dca1-498b-af40-c708b61f4596","publishingstateid":"1363c145-fb5a-4fe8-aef1-6c9197cb44ed","robotsfollowlink":true,"weblinksetid":"769d184c-15b1-4a0e-b707-250a394eb15d"}</content>
  <iscustomizable>1</iscustomizable>
  <name>Subpage one</name>
  <powerpagecomponenttype>5</powerpagecomponenttype>
  <powerpagesiteid>
    <powerpagesiteid>7a7af223-c485-4e81-ab63-e7992354648d</powerpagesiteid>
  </powerpagesiteid>
  <statecode>0</statecode>
  <statuscode>1</statuscode>
</powerpagecomponent>