<powerpagecomponent powerpagecomponentid="81bf49fe-e5b9-d265-43cc-3b43208be719">
  <content>{
  "displayorder": 2,
  "customcss": "",
  "customjavascript": "",
  "pagetemplateid": "f924560d-f594-4ce1-ad74-2cf0aa70f54d",
  "parentpageid": "e740e969-cb91-4888-81ed-1a289bc99048",
  "partialurl": "content-page",
  "isroot": true,
  "title": "Content Page",
  "summary": "&lt;p&gt;This is a sample landing page designed to be a starting point for your website&lt;/p&gt;",
  "copy": "",
  "publishingstateid": "223b296f-4977-4774-924c-19e26a31cacc",
  "enablerating": false,
  "enabletracking": false,
  "excludefromsearch": false,
  "hiddenfromsitemap": true,
  "sharedpageconfiguration": false
}</content>
  <iscustomizable>1</iscustomizable>
  <name>Content Page</name>
  <powerpagecomponenttype>2</powerpagecomponenttype>
  <powerpagesiteid>
    <powerpagesiteid>8ff28ff6-80b7-4da9-a1f5-bba77dca87e6</powerpagesiteid>
  </powerpagesiteid>
  <searchcontent>Content PageContent Page</searchcontent>
  <statecode>0</statecode>
  <statuscode>1</statuscode>
</powerpagecomponent>