<powerpagecomponent powerpagecomponentid="02091950-c4a7-4a82-992d-2420bc30f048">
  <content>{"disablepagevalidation":false,"displayimageonly":false,"displayorder":2,"displaypagechildlinks":false,"openinnewwindow":false,"pageid":"c87711dc-f9de-4b5b-be1b-d80cba67b24a","parentweblinkid":"7dff8057-dca1-498b-af40-c708b61f4596","publishingstateid":"1363c145-fb5a-4fe8-aef1-6c9197cb44ed","robotsfollowlink":true,"weblinksetid":"769d184c-15b1-4a0e-b707-250a394eb15d"}</content>
  <iscustomizable>1</iscustomizable>
  <name>Subpage two</name>
  <powerpagecomponenttype>5</powerpagecomponenttype>
  <powerpagesiteid>
    <powerpagesiteid>7a7af223-c485-4e81-ab63-e7992354648d</powerpagesiteid>
  </powerpagesiteid>
  <statecode>0</statecode>
  <statuscode>1</statuscode>
</powerpagecomponent>