<powerpagecomponent powerpagecomponentid="fa9ac9ae-f8f0-ee11-a1fd-0022486d9037">
  <content>{
  "partialurl": "bootstrap.bundle.min.js",
  "excludefromsearch": false,
  "hiddenfromsitemap": false,
  "contentdisposition": 756150000,
  "publishingstateid": "b2990ee5-9cfa-4b2d-8a89-22cdf57d8f33",
  "parentpageid": "9f83f7a2-22f5-4649-a269-74a699a16001"
}</content>
  <filecontent mimetype="text/plain">bootstrap.bundle.min..txt</filecontent>
  <iscustomizable>1</iscustomizable>
  <name>bootstrap.bundle.min.js</name>
  <powerpagecomponenttype>3</powerpagecomponenttype>
  <powerpagesiteid>
    <powerpagesiteid>837d24e8-7fdd-4eb8-90e4-1a89137ed881</powerpagesiteid>
  </powerpagesiteid>
  <statecode>0</statecode>
  <statuscode>1</statuscode>
</powerpagecomponent>