<powerpagesites>
  <powerpagesite powerpagesiteid="7a7af223-c485-4e81-ab63-e7992354648d">
    <content>{"defaultlanguage":"bf9e859a-915e-4381-a595-374e5d772c38","footerwebtemplateid":"4c61f05e-0ebb-4243-a671-012e1c5ebe03","headerwebtemplateid":"a4d8b2f2-bc09-4fec-b1b1-32147402585e","statecode":0,"statuscode":1,"website_language":1033}</content>
    <datamodelversion>2.0</datamodelversion>
    <iscustomizable>1</iscustomizable>
    <name>Enhanced White Starter Template  - ppp-white-starter-template</name>
    <primarydomainname>ppp-white-starter-template.powerappsportals.com</primarydomainname>
    <statecode>0</statecode>
    <statuscode>1</statuscode>
  </powerpagesite>
</powerpagesites>