<powerpagesitelanguages>
  <powerpagesitelanguage powerpagesitelanguageid="bf9e859a-915e-4381-a595-374e5d772c38">
    <content>{"publishingstate":"1363c145-fb5a-4fe8-aef1-6c9197cb44ed","systemlanguage":1033}</content>
    <displayname>English</displayname>
    <iscustomizable>1</iscustomizable>
    <languagecode>en-US</languagecode>
    <lcid>1033</lcid>
    <name>English</name>
    <powerpagesiteid>
      <powerpagesiteid>7a7af223-c485-4e81-ab63-e7992354648d</powerpagesiteid>
    </powerpagesiteid>
    <statecode>0</statecode>
    <statuscode>1</statuscode>
  </powerpagesitelanguage>
</powerpagesitelanguages>