<powerpagecomponent powerpagecomponentid="8ae31a42-ac14-4dba-a99a-6cbeba0cf844">
  <content>{"createdOn":"2024-02-21T18:15:53.645Z","parentpageid":"9f83f7a2-22f5-4649-a269-74a699a16001","publishingstateid":"b2990ee5-9cfa-4b2d-8a89-22cdf57d8f33","partialurl":"thumbnail.css","title":"","summary":"","enabletracking":false,"excludefromsearch":false,"hiddenfromsitemap":false,"displayorder":-1}</content>
  <filecontent mimetype="text/css">thumbnail.css</filecontent>
  <iscustomizable>1</iscustomizable>
  <name>thumbnail.css</name>
  <powerpagecomponenttype>3</powerpagecomponenttype>
  <powerpagesiteid>
    <powerpagesiteid>837d24e8-7fdd-4eb8-90e4-1a89137ed881</powerpagesiteid>
  </powerpagesiteid>
  <statecode>0</statecode>
  <statuscode>1</statuscode>
</powerpagecomponent>