<powerpagecomponent powerpagecomponentid="f47f99b2-5bd0-411f-966a-be0c03cedf81">
  <content>{"copy":"&lt;p&gt;Please provide some information about yourself.&lt;/p&gt;\r\n\r\n&lt;p&gt;The &lt;strong&gt;First Name&lt;/strong&gt; and &lt;strong&gt;Last Name &lt;/strong&gt;you provide will be displayed alongside any comments, forum posts, or ideas you make on the site.&lt;/p&gt;\r\n\r\n&lt;p&gt;The &lt;strong&gt;Email Address&lt;/strong&gt; and &lt;strong&gt;Phone&lt;/strong&gt; number will not be displayed on the site.&lt;/p&gt;\r\n\r\n&lt;p&gt;Your &lt;strong&gt;Organization&lt;/strong&gt; and &lt;strong&gt;Title&lt;/strong&gt; are optional. They will be displayed with your comments and forum posts.&lt;/p&gt;","enablerating":false,"enabletracking":false,"excludefromsearch":false,"hiddenfromsitemap":true,"isroot":false,"pagetemplateid":"1aa2110f-a504-49ef-aa80-403b297eee0d","parentpageid":"9f83f7a2-22f5-4649-a269-74a699a16001","partialurl":"profile","publishingstateid":"b2990ee5-9cfa-4b2d-8a89-22cdf57d8f33","rootwebpageid":"3fa5f1a3-659b-4bbd-9bf4-9528e4eebf1e","sharedpageconfiguration":false,"title":"Profile"}</content>
  <iscustomizable>1</iscustomizable>
  <name>Profile</name>
  <powerpagecomponenttype>2</powerpagecomponenttype>
  <powerpagesiteid>
    <powerpagesiteid>837d24e8-7fdd-4eb8-90e4-1a89137ed881</powerpagesiteid>
  </powerpagesiteid>
  <powerpagesitelanguageid>
    <powerpagesitelanguageid>101f264f-e5b7-4212-aba6-4465d9bb3701</powerpagesitelanguageid>
  </powerpagesitelanguageid>
  <searchcontent>Profile&lt;p&gt;Please provide some information about yourself.&lt;/p&gt;

&lt;p&gt;The &lt;strong&gt;First Name&lt;/strong&gt; and &lt;strong&gt;Last Name &lt;/strong&gt;you provide will be displayed alongside any comments, forum posts, or ideas you make on the site.&lt;/p&gt;

&lt;p&gt;The &lt;strong&gt;Email Address&lt;/strong&gt; and &lt;strong&gt;Phone&lt;/strong&gt; number will not be displayed on the site.&lt;/p&gt;

&lt;p&gt;Your &lt;strong&gt;Organization&lt;/strong&gt; and &lt;strong&gt;Title&lt;/strong&gt; are optional. They will be displayed with your comments and forum posts.&lt;/p&gt;Profile</searchcontent>
  <statecode>0</statecode>
  <statuscode>1</statuscode>
</powerpagecomponent>