<powerpagecomponent powerpagecomponentid="f6df4b70-d8fd-ee11-9f89-0022486d9037">
  <content>{
  "partialurl": "account-bg.jpg",
  "excludefromsearch": false,
  "hiddenfromsitemap": false,
  "contentdisposition": 756150000,
  "publishingstateid": "b2990ee5-9cfa-4b2d-8a89-22cdf57d8f33",
  "parentpageid": "9f83f7a2-22f5-4649-a269-74a699a16001"
}</content>
  <filecontent mimetype="image/jpeg">account-bg.jpg</filecontent>
  <iscustomizable>1</iscustomizable>
  <name>account-bg.jpg</name>
  <powerpagecomponenttype>3</powerpagecomponenttype>
  <powerpagesiteid>
    <powerpagesiteid>837d24e8-7fdd-4eb8-90e4-1a89137ed881</powerpagesiteid>
  </powerpagesiteid>
  <statecode>0</statecode>
  <statuscode>1</statuscode>
</powerpagecomponent>