<powerpagecomponent powerpagecomponentid="68666cef-94ad-4f07-88ee-83fba00520a7">
  <content>{"description":"The default number of unauthenticated login attempts from an IP address before the IP address is blocked for Authentication/LoginThrottling/IpAddressTimeoutTimeSpan if the attempts occur within Authentication/LoginThrottling/MaxAttemptsTimeLimitTimeSpan amount of time. Default: 1000","value":"1000"}</content>
  <iscustomizable>1</iscustomizable>
  <name>Authentication/LoginThrottling/MaxInvaildAttemptsFromIPAddress</name>
  <powerpagecomponenttype>9</powerpagecomponenttype>
  <powerpagesiteid>
    <powerpagesiteid>74d98b9e-9df8-4a46-87f0-afb16d25e531</powerpagesiteid>
  </powerpagesiteid>
  <statecode>0</statecode>
  <statuscode>1</statuscode>
</powerpagecomponent>