<powerpagecomponent powerpagecomponentid="ffc62ca6-d5fa-4699-808d-e9c1783df828">
  <content>{
  "powerpagesitelanguageid": "b4348126-7331-4aba-9433-aeec62e6a943",
  "display_name": "Mobile Header",
  "type": 756150001,
  "value": "&lt;a href=\"~/\"&gt;{% if snippets['Logo URL'] %}&lt;img src=\"{{ snippets['Logo URL'] }}\" alt=\"{{ snippets['Logo alt text'] }}\" style=\"width: auto; height: 32px; margin: 0 10px;\"&gt;{% endif %}\n  {% if snippets['Site name'] %}&lt;h1 class=\"siteTitle\"&gt;{{ snippets['Site name'] }}&lt;span&gt;.&lt;/span&gt;&lt;/h1&gt;{% endif %}\n&lt;/a&gt;"
}</content>
  <iscustomizable>1</iscustomizable>
  <name>Mobile Header</name>
  <powerpagecomponenttype>7</powerpagecomponenttype>
  <powerpagesiteid>
    <powerpagesiteid>8ff28ff6-80b7-4da9-a1f5-bba77dca87e6</powerpagesiteid>
  </powerpagesiteid>
  <powerpagesitelanguageid>
    <powerpagesitelanguageid>b4348126-7331-4aba-9433-aeec62e6a943</powerpagesitelanguageid>
  </powerpagesitelanguageid>
  <statecode>0</statecode>
  <statuscode>1</statuscode>
</powerpagecomponent>