<powerpagesites>
  <powerpagesite powerpagesiteid="837d24e8-7fdd-4eb8-90e4-1a89137ed881">
    <content>{
  "defaultlanguage": "101f264f-e5b7-4212-aba6-4465d9bb3701",
  "footerwebtemplateid": "3f09a8bf-c2cd-4ed9-b1fc-7e42eca3f5ca",
  "headerwebtemplateid": "71059831-8da4-455f-a275-37b6fa8b0e6b",
  "statecode": 0,
  "statuscode": 1,
  "website_language": 1033
}</content>
    <datamodelversion>2.0</datamodelversion>
    <iscustomizable>1</iscustomizable>
    <name>Power Pages Plus Customer Xperience</name>
    <primarydomainname>ppp-admin.powerappsportals.com</primarydomainname>
    <statecode>0</statecode>
    <statuscode>1</statuscode>
  </powerpagesite>
</powerpagesites>