<powerpagecomponent powerpagecomponentid="9bdf55fa-1835-4cb7-aa1c-14bd86da0467">
  <content>{"disablepagevalidation":false,"displayimageonly":false,"displayorder":1,"displaypagechildlinks":false,"openinnewwindow":false,"pageid":"8834415b-87ed-4c58-87e4-64597db26e99","publishingstateid":"a259ce53-d63f-4da8-958d-f3581d35dbb5","robotsfollowlink":true,"weblinksetid":"275dbfbc-22ca-4954-9f58-708781f3971f"}</content>
  <iscustomizable>1</iscustomizable>
  <name>Home</name>
  <powerpagecomponenttype>5</powerpagecomponenttype>
  <powerpagesiteid>
    <powerpagesiteid>5107f9ea-7583-45b0-acff-ca5ebb48b93e</powerpagesiteid>
  </powerpagesiteid>
  <statecode>0</statecode>
  <statuscode>1</statuscode>
</powerpagecomponent>