<powerpagecomponent powerpagecomponentid="b39f9bcd-07c6-46db-a7e5-7e9d7593c13b">
  <content>{"source":"&lt;ul class='dropdown-menu' role='menu'&gt;\r\n  {% assign ordered_languages = page.languages | order_by: 'name' %}\r\n  {% for language in ordered_languages %}\r\n    &lt;li role='menuitem'&gt;\r\n      &lt;a class=\"dropdown-item\"  href='/{{ language.url_substitution }}' title='{{ language.name }}' data-code='{{ language.code }}'&gt;{{ language.name }}&lt;/a&gt;\r\n    &lt;/li&gt;\r\n  {% endfor %}\r\n&lt;/ul&gt;\r\n\r\n"}</content>
  <iscustomizable>1</iscustomizable>
  <name>Languages Dropdown</name>
  <powerpagecomponenttype>8</powerpagecomponenttype>
  <powerpagesiteid>
    <powerpagesiteid>74d98b9e-9df8-4a46-87f0-afb16d25e531</powerpagesiteid>
  </powerpagesiteid>
  <statecode>0</statecode>
  <statuscode>1</statuscode>
</powerpagecomponent>