<powerpagecomponent powerpagecomponentid="474f51c1-26bc-f011-bbd2-000d3a36bec8">
  <content>{
  "imageurl": "bi bi-speedometer2",
  "displayorder": 1,
  "displayimageonly": false,
  "displaypagechildlinks": false,
  "disablepagevalidation": false,
  "openinnewwindow": false,
  "robotsfollowlink": true,
  "pageid": "8834415b-87ed-4c58-87e4-64597db26e99",
  "publishingstateid": "a259ce53-d63f-4da8-958d-f3581d35dbb5",
  "weblinksetid": "62bfeca2-26bc-f011-bbd2-000d3a36bec8"
}</content>
  <iscustomizable>1</iscustomizable>
  <name>Dashboard</name>
  <powerpagecomponenttype>5</powerpagecomponenttype>
  <powerpagesiteid>
    <powerpagesiteid>5107f9ea-7583-45b0-acff-ca5ebb48b93e</powerpagesiteid>
  </powerpagesiteid>
  <statecode>0</statecode>
  <statuscode>1</statuscode>
</powerpagecomponent>