<powerpagecomponent powerpagecomponentid="d18dd816-9dbb-f011-bbd2-000d3a36bec8">
  <content>{
  "isdefault": false,
  "usewebsiteheaderandfooter": true,
  "type": 756150001,
  "webtemplateid": "8d6ba204-9dbb-f011-bbd2-000d3a36bec8"
}</content>
  <iscustomizable>1</iscustomizable>
  <name>Page365 Fluid</name>
  <powerpagecomponenttype>6</powerpagecomponenttype>
  <powerpagesiteid>
    <powerpagesiteid>5107f9ea-7583-45b0-acff-ca5ebb48b93e</powerpagesiteid>
  </powerpagesiteid>
  <statecode>0</statecode>
  <statuscode>1</statuscode>
</powerpagecomponent>