<powerpagecomponent powerpagecomponentid="4dbc5519-cb19-46d2-b501-8609755ffcc3">
  <content>{"enablerating":false,"enabletracking":false,"excludefromsearch":true,"hiddenfromsitemap":true,"isroot":true,"pagetemplateid":"f924560d-f594-4ce1-ad74-2cf0aa70f54d","parentpageid":"e740e969-cb91-4888-81ed-1a289bc99048","partialurl":"access-denied","publishingstateid":"223b296f-4977-4774-924c-19e26a31cacc","sharedpageconfiguration":false}</content>
  <iscustomizable>1</iscustomizable>
  <name>Access Denied</name>
  <powerpagecomponenttype>2</powerpagecomponenttype>
  <powerpagesiteid>
    <powerpagesiteid>8ff28ff6-80b7-4da9-a1f5-bba77dca87e6</powerpagesiteid>
  </powerpagesiteid>
  <searchcontent>Access Denied</searchcontent>
  <statecode>0</statecode>
  <statuscode>1</statuscode>
</powerpagecomponent>