<powerpagecomponent powerpagecomponentid="287e1851-2f9c-4bcb-8aa1-f8037a522853">
  <content>{"managecontentsnippets":false,"managesitemarkers":false,"manageweblinksets":false,"previewunpublishedentities":true}</content>
  <iscustomizable>1</iscustomizable>
  <name>Preview permission for Blank Template</name>
  <powerpagecomponenttype>12</powerpagecomponenttype>
  <powerpagesiteid>
    <powerpagesiteid>7a7af223-c485-4e81-ab63-e7992354648d</powerpagesiteid>
  </powerpagesiteid>
  <statecode>0</statecode>
  <statuscode>1</statuscode>
</powerpagecomponent>