<powerpagecomponent powerpagecomponentid="d51364af-25c2-ee11-9079-000d3a0a1cb3">
  <content>{
  "value": "&lt;link rel=\"stylesheet\" href=\"https://cdnjs.cloudflare.com/ajax/libs/font-awesome/6.5.1/css/all.min.css\" integrity=\"sha512-DTOQO9RWCH3ppGqcWaEA1BIZOC6xxalwEsw9c2QQeAIftl+Vegovlnee1c9QX4TctnWMn13TZye+giMm8e2LwA==\" crossorigin=\"anonymous\" referrerpolicy=\"no-referrer\" /&gt;",
  "display_name": "Head/Fonts",
  "type": 756150001
}</content>
  <iscustomizable>1</iscustomizable>
  <name>Head/Fonts</name>
  <powerpagecomponenttype>7</powerpagecomponenttype>
  <powerpagesiteid>
    <powerpagesiteid>74d98b9e-9df8-4a46-87f0-afb16d25e531</powerpagesiteid>
  </powerpagesiteid>
  <statecode>0</statecode>
  <statuscode>1</statuscode>
</powerpagecomponent>