<powerpagecomponent powerpagecomponentid="0e581540-38d1-ee11-904c-000d3a0a0ba3">
  <content>{
  "contentdisposition": 756150000,
  "excludefromsearch": false,
  "hiddenfromsitemap": false,
  "parentpageid": "8767d10a-f954-ea97-7e0f-f93afe5870d4",
  "partialurl": "sb-admin.min.css",
  "publishingstateid": "b2990ee5-9cfa-4b2d-8a89-22cdf57d8f33"
}</content>
  <filecontent mimetype="application/octet-stream">sb-admin.min.css</filecontent>
  <iscustomizable>1</iscustomizable>
  <name>sb-admin.min.css</name>
  <powerpagecomponenttype>3</powerpagecomponenttype>
  <powerpagesiteid>
    <powerpagesiteid>837d24e8-7fdd-4eb8-90e4-1a89137ed881</powerpagesiteid>
  </powerpagesiteid>
  <statecode>0</statecode>
  <statuscode>1</statuscode>
</powerpagecomponent>