<powerpagecomponent powerpagecomponentid="b397f436-01f9-4a17-b12d-a107ae38ceaf">
  <content>{"display_name":"Logo alt text","type":756150000,"value":"Company name logo\r\n"}</content>
  <iscustomizable>1</iscustomizable>
  <name>Logo alt text</name>
  <powerpagecomponenttype>7</powerpagecomponenttype>
  <powerpagesiteid>
    <powerpagesiteid>7a7af223-c485-4e81-ab63-e7992354648d</powerpagesiteid>
  </powerpagesiteid>
  <powerpagesitelanguageid>
    <powerpagesitelanguageid>bf9e859a-915e-4381-a595-374e5d772c38</powerpagesitelanguageid>
  </powerpagesitelanguageid>
  <statecode>0</statecode>
  <statuscode>1</statuscode>
</powerpagecomponent>