<powerpagecomponent powerpagecomponentid="840fa0c5-83d6-4d57-9a12-2a935f974bf8">
  <content>{"disablepagevalidation":false,"displayimageonly":false,"displayorder":1,"displaypagechildlinks":false,"openinnewwindow":false,"pageid":"89d21c14-c511-480a-ad54-035e1c296c5f","publishingstateid":"6d114fc2-bbff-41a0-93e2-7e00f73b1531","robotsfollowlink":true,"weblinksetid":"84bef9c6-6884-414b-91ef-4425332be1c0"}</content>
  <iscustomizable>1</iscustomizable>
  <name>Profile</name>
  <powerpagecomponenttype>5</powerpagecomponenttype>
  <powerpagesiteid>
    <powerpagesiteid>74d98b9e-9df8-4a46-87f0-afb16d25e531</powerpagesiteid>
  </powerpagesiteid>
  <statecode>0</statecode>
  <statuscode>1</statuscode>
</powerpagecomponent>