<powerpagecomponent powerpagecomponentid="febbfdaa-a675-e7b6-5e1b-02b9160d2c1e">
  <content>{
  "powerpagesitelanguageid": "f0033b08-30b3-4459-925b-b3e9822640db",
  "type": 756150000,
  "display_name": "Site name",
  "value": "Company name"
}</content>
  <iscustomizable>1</iscustomizable>
  <name>Site name</name>
  <powerpagecomponenttype>7</powerpagecomponenttype>
  <powerpagesiteid>
    <powerpagesiteid>74d98b9e-9df8-4a46-87f0-afb16d25e531</powerpagesiteid>
  </powerpagesiteid>
  <powerpagesitelanguageid>
    <powerpagesitelanguageid>f0033b08-30b3-4459-925b-b3e9822640db</powerpagesitelanguageid>
  </powerpagesitelanguageid>
  <statecode>0</statecode>
  <statuscode>1</statuscode>
</powerpagecomponent>