<powerpagecomponent powerpagecomponentid="9cf1bef8-7ec7-4d94-8f18-a23c26727a69">
  <content>{"adx_webpageaccesscontrolrule_webrole":["2d0ef76a-d6d8-49db-a011-ddd16666c3dc"],"right":1,"webpageid":"bb799056-69d8-4584-9118-f2467f0f6234"}</content>
  <iscustomizable>1</iscustomizable>
  <name>Grant Change to Administrators</name>
  <powerpagecomponenttype>10</powerpagecomponenttype>
  <powerpagesiteid>
    <powerpagesiteid>74d98b9e-9df8-4a46-87f0-afb16d25e531</powerpagesiteid>
  </powerpagesiteid>
  <statecode>0</statecode>
  <statuscode>1</statuscode>
</powerpagecomponent>