<powerpagecomponent powerpagecomponentid="98384ae5-3b61-4488-a985-c47974219d54">
  <content>{
  "createdOn": "2025-11-07T05:08:08.382Z",
  "parentpageid": "8834415b-87ed-4c58-87e4-64597db26e99",
  "publishingstateid": "a259ce53-d63f-4da8-958d-f3581d35dbb5",
  "partialurl": "pages365.css",
  "enabletracking": false,
  "excludefromsearch": false,
  "hiddenfromsitemap": false,
  "displayorder": 30,
  "setHighestDisplayOrder": false,
  "contentdisposition": 756150000
}</content>
  <filecontent mimetype="text/css">pages365.css</filecontent>
  <iscustomizable>1</iscustomizable>
  <name>pages365.css</name>
  <powerpagecomponenttype>3</powerpagecomponenttype>
  <powerpagesiteid>
    <powerpagesiteid>5107f9ea-7583-45b0-acff-ca5ebb48b93e</powerpagesiteid>
  </powerpagesiteid>
  <statecode>0</statecode>
  <statuscode>1</statuscode>
</powerpagecomponent>