<powerpagecomponent powerpagecomponentid="9e03ff09-fac3-4b2b-8929-ff8e75a5af82">
  <content>{"enablerating":false,"enabletracking":false,"excludefromsearch":false,"hiddenfromsitemap":true,"isroot":true,"pagetemplateid":"a630ddcd-8a4a-44f5-b379-05e2a8dc540a","parentpageid":"bb799056-69d8-4584-9118-f2467f0f6234","partialurl":"search","publishingstateid":"6d114fc2-bbff-41a0-93e2-7e00f73b1531","sharedpageconfiguration":false}</content>
  <iscustomizable>1</iscustomizable>
  <name>Search</name>
  <powerpagecomponenttype>2</powerpagecomponenttype>
  <powerpagesiteid>
    <powerpagesiteid>74d98b9e-9df8-4a46-87f0-afb16d25e531</powerpagesiteid>
  </powerpagesiteid>
  <searchcontent>Search</searchcontent>
  <statecode>0</statecode>
  <statuscode>1</statuscode>
</powerpagecomponent>