<powerpagecomponent powerpagecomponentid="33a51bff-79e2-4000-9146-7d4b949731fe">
  <content>{
  "source": "\r\n&lt;script&gt;\r\n$(function() {\r\n    loadNotificationControls(\"{{category}}\");\r\n\r\n    //Refresh Alerts every 60 seconds\r\n    setInterval(function () {\r\n        loadNotificationControls(\"{{category}}\");\r\n    }, 60000);\r\n});\r\n\r\nfunction loadNotificationControls(category){\r\n    \r\n    //$('#badgeLabel' + category).hide();\r\n    \r\n    //Alerts\r\n    let categoryValue = 948700000;\r\n    //Messages\r\n    if (category === \"Email\")\r\n        categoryValue = 948700001;\r\n\r\n    webapi.safeAjax({\r\n        type: \"GET\",\r\n        url: \"/_api/msppp_notifications?$select=createdon,msppp_notificationid,msppp_category,msppp_description,msppp_externalpageurl,msppp_recordid,msppp_summary,msppp_title,statecode,statuscode&amp;$filter=statuscode eq 1 and msppp_category eq \" + categoryValue,     \r\n        contentType: \"application/json\",\r\n        success: function (result, status, xhr) {\r\n            //Notification Icon &amp; Badge\r\n            $('#badgeLabel' + category).html(result.value.length);\r\n            $('#badgeLabel' + category).show();\r\n\r\n            let notificationItems = ''; \r\n\r\n            //Notification Dropdown\r\n            $.each(result.value,  function(index, notification){\r\n\r\n                let notificationLink = '#';\r\n                if (notification.msppp_externalpageurl !== null) {\r\n                    notificationLink = notification.msppp_externalpageurl;\r\n                    if (notification.msppp_recordid !== null)\r\n                        notificationLink = notification.msppp_externalpageurl + '?id=' + notification.msppp_recordid;\r\n                }\r\n\r\n                notificationItems += `\r\n                    &lt;a class=\"dropdown-item d-flex align-items-center\"\r\n                        data-notificationid=\"${notification.msppp_notificationid}\"\r\n                        data-category=\"${category}\"\r\n                        data-link=\"${notificationLink}\" onclick=\"markAlertAsRead(this);\"&gt;\r\n                        &lt;div class=\"mr-3\"&gt;\r\n                            &lt;div class=\"icon-circle bg-primary\"&gt;\r\n                                ${category === \"Email\" ? '&lt;i class=\"fas fa-envelope text-white\"&gt;&lt;/i&gt;' : '&lt;i class=\"fas fa-file-alt text-white\"&gt;&lt;/i&gt;'}\r\n                            &lt;/div&gt;\r\n                        &lt;/div&gt;\r\n                        &lt;div&gt;\r\n                            &lt;div class=\"small text-gray-500\"&gt;${new Date(notification.createdon).toDateString()}&lt;/div&gt;\r\n                            &lt;span class=\"text-truncate\"&gt;${notification.msppp_summary}&lt;/span&gt;\r\n                        &lt;/div&gt;\r\n                    &lt;/a&gt;`;\r\n\r\n            });\r\n\r\n            if(result.value.length === 0){\r\n                notificationItems = `&lt;a class=\"dropdown-item text-center small text-gray-500\" href=\"#\"&gt;No items&lt;/a&gt;`;\r\n                $('#badgeLabel' + category).show();\r\n            }\r\n            \r\n            let headerNotification = `&lt;h6 class=\"dropdown-header\"&gt;${category} Center&lt;/h6&gt;`;\r\n            $('#notificationList' + category).html(headerNotification + notificationItems);\r\n\r\n          },\r\n        error: function (error) {\r\n            console.log(\"Error:\" + error);\r\n            $('#badgeLabel' + category).html('error');\r\n        }\r\n      });  \r\n}\r\n\r\n\r\nfunction markAlertAsRead(notificationItem){\r\n    let notificationId = $(notificationItem).data('notificationid');\r\n    let category = $(notificationItem).data('category');\r\n    let link = $(notificationItem).data('link');\r\n    \r\n    webapi.safeAjax({\r\n        type: \"PATCH\",\r\n        url: \"/_api/msppp_notifications(\" + notificationId + \")\",     \r\n        contentType: \"application/json\",\r\n        data: JSON.stringify({\r\n            \"statecode\": 1, \r\n            \"statuscode\": 2\r\n        }),\r\n        success: function (result, status, xhr) {\r\n            loadNotificationControls(category);\r\n            window.location = link;\r\n        },\r\n        error: function (error) {\r\n            console.log(\"Error:\" + error);\r\n        }\r\n    });\r\n\r\n}\r\n\r\n&lt;/script&gt;\r\n\r\n&lt;!-- Nav Item - {{ category }} --&gt;\r\n&lt;li class=\"nav-item dropdown no-arrow mx-1\"&gt;\r\n    &lt;a class=\"nav-link dropdown-toggle\" href=\"#\" id=\"{{category}}Dropdown\" role=\"button\"\r\n        data-toggle=\"dropdown\" aria-haspopup=\"true\" aria-expanded=\"false\"&gt;\r\n        {% if category == \"Email\" %}\r\n            &lt;i class=\"fas fa-envelope fa-fw\"&gt;&lt;/i&gt;\r\n        {% else %}\r\n            &lt;i class=\"fas fa-bell fa-fw\"&gt;&lt;/i&gt;\r\n        {% endif %}\r\n        \r\n        &lt;!-- Counter - {{ category }} --&gt;\r\n        &lt;span class=\"badge badge-danger badge-counter\" id=\"badgeLabel{{category}}\"&gt;\r\n            \r\n        &lt;/span&gt;\r\n    &lt;/a&gt;\r\n    &lt;!-- Dropdown - {{ category }} --&gt;\r\n    &lt;div class=\"dropdown-list dropdown-menu dropdown-menu-right shadow animated--grow-in\"\r\n        aria-labelledby=\"{{category}}Dropdown\" id=\"notificationList{{category}}\"&gt;\r\n        &lt;h6 class=\"dropdown-header\"&gt;\r\n            {{ category }} Center\r\n        &lt;/h6&gt;\r\n    &lt;/div&gt;\r\n&lt;/li&gt;"
}</content>
  <iscustomizable>1</iscustomizable>
  <name>Power Pages Plus Alerts</name>
  <powerpagecomponenttype>8</powerpagecomponenttype>
  <powerpagesiteid>
    <powerpagesiteid>837d24e8-7fdd-4eb8-90e4-1a89137ed881</powerpagesiteid>
  </powerpagesiteid>
  <statecode>0</statecode>
  <statuscode>1</statuscode>
</powerpagecomponent>