<powerpagecomponent powerpagecomponentid="5554d1b8-f891-4be9-9822-772ec7c4f897">
  <content>{"adx_webpageaccesscontrolrule_webrole":["f2319235-3f34-47b0-a5de-fa9b715f1073"],"right":1,"webpageid":"e740e969-cb91-4888-81ed-1a289bc99048"}</content>
  <iscustomizable>1</iscustomizable>
  <name>Grant Change to Administrators</name>
  <powerpagecomponenttype>10</powerpagecomponenttype>
  <powerpagesiteid>
    <powerpagesiteid>8ff28ff6-80b7-4da9-a1f5-bba77dca87e6</powerpagesiteid>
  </powerpagesiteid>
  <statecode>0</statecode>
  <statuscode>1</statuscode>
</powerpagecomponent>