<powerpagecomponent powerpagecomponentid="3c1c3c8c-7302-4759-ab69-ff480a8bf4a7">
  <content>{"value":"{\"status\":\"enable\",\"selectedThemeId\":\"f21551a1-7244-432f-ad88-220609e070d3\",\"version\":\"V2\"}"}</content>
  <iscustomizable>1</iscustomizable>
  <name>ThemeFeature</name>
  <powerpagecomponenttype>9</powerpagecomponenttype>
  <powerpagesiteid>
    <powerpagesiteid>5107f9ea-7583-45b0-acff-ca5ebb48b93e</powerpagesiteid>
  </powerpagesiteid>
  <statecode>0</statecode>
  <statuscode>1</statuscode>
</powerpagecomponent>