<powerpagecomponent powerpagecomponentid="dcd64ab7-e797-4702-85c8-c5b73f1729fc">
  <content>{"createdOn":"2024-02-03T00:02:47.668Z","parentpageid":"bb799056-69d8-4584-9118-f2467f0f6234","publishingstateid":"6d114fc2-bbff-41a0-93e2-7e00f73b1531","partialurl":"thumbnail.css","title":"","summary":"","enabletracking":false,"excludefromsearch":false,"hiddenfromsitemap":false,"displayorder":-1}</content>
  <filecontent mimetype="text/css">thumbnail.css</filecontent>
  <iscustomizable>1</iscustomizable>
  <name>thumbnail.css</name>
  <powerpagecomponenttype>3</powerpagecomponenttype>
  <powerpagesiteid>
    <powerpagesiteid>74d98b9e-9df8-4a46-87f0-afb16d25e531</powerpagesiteid>
  </powerpagesiteid>
  <statecode>0</statecode>
  <statuscode>1</statuscode>
</powerpagecomponent>