<powerpagecomponent powerpagecomponentid="e986a2ee-26bc-f011-bbd2-000d3a36bec8">
  <content>{
  "imageurl": "bi bi-gear",
  "displayorder": 4,
  "displayimageonly": false,
  "displaypagechildlinks": false,
  "disablepagevalidation": false,
  "openinnewwindow": false,
  "robotsfollowlink": true,
  "pageid": "5513fd6e-a766-95be-8df0-660084bd0fe6",
  "publishingstateid": "a259ce53-d63f-4da8-958d-f3581d35dbb5",
  "weblinksetid": "62bfeca2-26bc-f011-bbd2-000d3a36bec8"
}</content>
  <iscustomizable>1</iscustomizable>
  <name>Blank Page</name>
  <powerpagecomponenttype>5</powerpagecomponenttype>
  <powerpagesiteid>
    <powerpagesiteid>5107f9ea-7583-45b0-acff-ca5ebb48b93e</powerpagesiteid>
  </powerpagesiteid>
  <statecode>0</statecode>
  <statuscode>1</statuscode>
</powerpagecomponent>