<powerpagecomponent powerpagecomponentid="43f2c6e3-52ab-463d-98ae-b4c892f9f82a">
  <content>{"source":"{% assign title = title | default: page.title %}\r\n&lt;ul class='breadcrumb'&gt;\r\n  {% for crumb in page.breadcrumbs -%}\r\n    &lt;li class=\"breadcrumb-item\"&gt;\r\n      &lt;a href='{{ crumb.url | h }}' title='{{ crumb.title | h }}'&gt;{{ crumb.title | truncate: 24 | h }}&lt;/a&gt;\r\n    &lt;/li&gt;\r\n  {% endfor -%}\r\n  &lt;li class=' breadcrumb-item active'&gt;\r\n    {% block activebreadcrumb -%}\r\n    {{- title | h -}}\r\n    {%- endblock %}\r\n  &lt;/li&gt;\r\n&lt;/ul&gt;\r\n\r\n"}</content>
  <iscustomizable>1</iscustomizable>
  <name>Breadcrumbs</name>
  <powerpagecomponenttype>8</powerpagecomponenttype>
  <powerpagesiteid>
    <powerpagesiteid>74d98b9e-9df8-4a46-87f0-afb16d25e531</powerpagesiteid>
  </powerpagesiteid>
  <statecode>0</statecode>
  <statuscode>1</statuscode>
</powerpagecomponent>