<powerpagecomponent powerpagecomponentid="501da372-876b-2f71-d45f-8d4fff28e208">
  <content>{"filecontent":null,"displayorder":3,"customcss":"","customjavascript":"","pagetemplateid":"38cb18ab-3441-4a11-8a4a-c2b4982647ce","parentpageid":"bb799056-69d8-4584-9118-f2467f0f6234","partialurl":"font-awesome","isroot":false,"rootwebpageid":"c66db3e2-756a-c59d-55e0-fe0b205ec037","title":"Font Awesome","summary":"&lt;p&gt;This is a sample landing page designed to be a starting point for your website&lt;/p&gt;","copy":"&lt;div id=\"iu8gf\" class=\"row sectionBlockLayout sectionPrimaryColor text-start\" style=\"display: flex; flex-wrap: wrap; height: 15px; padding: 8px; margin: 0px;\"&gt;&lt;div id=\"iqmqr\" class=\"container\" style=\"display: flex; flex-wrap: wrap;\"&gt;&lt;/div&gt;&lt;/div&gt;\n&lt;div id=\"it31h\" class=\"row sectionBlockLayout text-start\" style=\"display: flex; flex-wrap: wrap; min-height: 361px; padding: 8px; margin: 0px;\"&gt;\n  &lt;div id=\"i5u22\" class=\"container\" style=\"display: flex; flex-wrap: wrap;\"&gt;\n    &lt;div id=\"i3pif\" class=\"col-lg-12 columnBlockLayout\" style=\"flex-grow: 1; min-width: 250px; word-break: break-word; display: flex; flex-direction: column;\"&gt;\n      &lt;h2 id=\"i9vzi\"&gt;Font Awesome&lt;/h2&gt;\n      &lt;p&gt;Font Awesome is the Internet's icon library and toolkit, used by millions of designers, developers, and content creators.&lt;/p&gt;\n      &lt;p&gt;Power Pages Plus Minimalist template offers all Font Awesome Icons as part of the template. That includes all categories. (Social Network Icons, gaming, medical + health, etc).&lt;/p&gt;\n      &lt;p&gt;&lt;a href=\"https://fontawesome.com/\" target=\"_blank\" class=\"btn btn-default\"&gt; View More&lt;/a&gt;&lt;/p&gt;\n    &lt;/div&gt;\n  &lt;/div&gt;\n&lt;/div&gt;\n&lt;div id=\"ia2se\" class=\"row sectionBlockLayout text-start\" style=\"display: flex; flex-wrap: wrap; min-height: 100px; padding: 8px; margin: 0px;\"&gt;\n  &lt;div id=\"i6mjg\" class=\"container\" style=\"display: flex; flex-wrap: wrap;\"&gt;\n    &lt;div id=\"iekmw\" class=\"col-lg-6 card columnBlockLayout\" style=\"flex-grow: 1; min-width: 250px; word-break: break-word; display: flex; flex-direction: column;\"&gt;\n      &lt;img src=\"https://img.fortawesome.com/1ce05b4b/open-graph-general.png\" id=\"igd3n\" style=\"max-width: 100%; width: 100%; height: auto; background-color: #fafafa;\" /&gt;&lt;/div&gt;\n    &lt;div id=\"i1i0b\" class=\"col-lg-6 columnBlockLayout\" style=\"flex-grow: 1; min-width: 250px; word-break: break-word; display: flex; flex-direction: column; justify-content: center;\"&gt;\n      &lt;h3 id=\"i8ujp\"&gt;Unlimited access to icons&lt;/h3&gt;\n      &lt;p&gt;\n        &lt;i class=\"fa-brands fa-x-twitter\"&gt;&lt;/i&gt; \n        &lt;i class=\"fa-brands fa-square-instagram\"&gt;&lt;/i&gt;\n        &lt;i class=\"fa-brands fa-facebook\"&gt;&lt;/i&gt;\n        &lt;i class=\"fa-brands fa-pinterest\"&gt;&lt;/i&gt;\n        &lt;i class=\"fa-brands fa-fantasy-flight-games\"&gt;&lt;/i&gt;\n        &lt;i class=\"fa-solid fa-ghost\"&gt;&lt;/i&gt;\n      &lt;/p&gt;\n    &lt;/div&gt;\n  &lt;/div&gt;\n&lt;/div&gt;\n","publishingstateid":"6d114fc2-bbff-41a0-93e2-7e00f73b1531","enablerating":false,"enabletracking":false,"excludefromsearch":false,"hiddenfromsitemap":true,"sharedpageconfiguration":false}</content>
  <iscustomizable>1</iscustomizable>
  <name>Font Awesome</name>
  <powerpagecomponenttype>2</powerpagecomponenttype>
  <powerpagesiteid>
    <powerpagesiteid>74d98b9e-9df8-4a46-87f0-afb16d25e531</powerpagesiteid>
  </powerpagesiteid>
  <powerpagesitelanguageid>
    <powerpagesitelanguageid>f0033b08-30b3-4459-925b-b3e9822640db</powerpagesitelanguageid>
  </powerpagesitelanguageid>
  <searchcontent>Font Awesome&lt;div id="iu8gf" class="row sectionBlockLayout sectionPrimaryColor text-start" style="display: flex; flex-wrap: wrap; height: 15px; padding: 8px; margin: 0px;"&gt;&lt;div id="iqmqr" class="container" style="display: flex; flex-wrap: wrap;"&gt;&lt;/div&gt;&lt;/div&gt;
&lt;div id="it31h" class="row sectionBlockLayout text-start" style="display: flex; flex-wrap: wrap; min-height: 361px; padding: 8px; margin: 0px;"&gt;
  &lt;div id="i5u22" class="container" style="display: flex; flex-wrap: wrap;"&gt;
    &lt;div id="i3pif" class="col-lg-12 columnBlockLayout" style="flex-grow: 1; min-width: 250px; word-break: break-word; display: flex; flex-direction: column;"&gt;
      &lt;h2 id="i9vzi"&gt;Font Awesome&lt;/h2&gt;
      &lt;p&gt;Font Awesome is the Internet's icon library and toolkit, used by millions of designers, developers, and content creators.&lt;/p&gt;
      &lt;p&gt;Power Pages Plus Minimalist template offers all Font Awesome Icons as part of the template. That includes all categories. (Social Network Icons, gaming, medical + health, etc).&lt;/p&gt;
      &lt;p&gt;&lt;a href="https://fontawesome.com/" target="_blank" class="btn btn-default"&gt; View More&lt;/a&gt;&lt;/p&gt;
    &lt;/div&gt;
  &lt;/div&gt;
&lt;/div&gt;
&lt;div id="ia2se" class="row sectionBlockLayout text-start" style="display: flex; flex-wrap: wrap; min-height: 100px; padding: 8px; margin: 0px;"&gt;
  &lt;div id="i6mjg" class="container" style="display: flex; flex-wrap: wrap;"&gt;
    &lt;div id="iekmw" class="col-lg-6 card columnBlockLayout" style="flex-grow: 1; min-width: 250px; word-break: break-word; display: flex; flex-direction: column;"&gt;
      &lt;img src="https://img.fortawesome.com/1ce05b4b/open-graph-general.png" id="igd3n" style="max-width: 100%; width: 100%; height: auto; background-color: #fafafa;" /&gt;&lt;/div&gt;
    &lt;div id="i1i0b" class="col-lg-6 columnBlockLayout" style="flex-grow: 1; min-width: 250px; word-break: break-word; display: flex; flex-direction: column; justify-content: center;"&gt;
      &lt;h3 id="i8ujp"&gt;Unlimited access to icons&lt;/h3&gt;
      &lt;p&gt;
        &lt;i class="fa-brands fa-x-twitter"&gt;&lt;/i&gt; 
        &lt;i class="fa-brands fa-square-instagram"&gt;&lt;/i&gt;
        &lt;i class="fa-brands fa-facebook"&gt;&lt;/i&gt;
        &lt;i class="fa-brands fa-pinterest"&gt;&lt;/i&gt;
        &lt;i class="fa-brands fa-fantasy-flight-games"&gt;&lt;/i&gt;
        &lt;i class="fa-solid fa-ghost"&gt;&lt;/i&gt;
      &lt;/p&gt;
    &lt;/div&gt;
  &lt;/div&gt;
&lt;/div&gt;
Font Awesome</searchcontent>
  <statecode>0</statecode>
  <statuscode>1</statuscode>
</powerpagecomponent>