<powerpagecomponent powerpagecomponentid="787aa3dd-6a2c-8461-d0be-cdc9e4fc20d1">
  <content>{
  "powerpagesitelanguageid": "101f264f-e5b7-4212-aba6-4465d9bb3701",
  "filecontent": null,
  "type": 756150000,
  "display_name": "Logo alt text",
  "value": "Customer Xperience"
}</content>
  <iscustomizable>1</iscustomizable>
  <name>Logo alt text</name>
  <powerpagecomponenttype>7</powerpagecomponenttype>
  <powerpagesiteid>
    <powerpagesiteid>837d24e8-7fdd-4eb8-90e4-1a89137ed881</powerpagesiteid>
  </powerpagesiteid>
  <powerpagesitelanguageid>
    <powerpagesitelanguageid>101f264f-e5b7-4212-aba6-4465d9bb3701</powerpagesitelanguageid>
  </powerpagesitelanguageid>
  <statecode>0</statecode>
  <statuscode>1</statuscode>
</powerpagecomponent>