<powerpagecomponent powerpagecomponentid="e314a8c1-0e4e-4da2-bc3a-964d126b7fcc">
  <content>{"contentdisposition":756150000,"displayorder":1,"enabletracking":false,"excludefromsearch":true,"hiddenfromsitemap":true,"parentpageid":"e1acc288-92f1-4695-8aa5-7c4dc439f6bb","partialurl":"bootstrap.min.css","publishingstateid":"1363c145-fb5a-4fe8-aef1-6c9197cb44ed"}</content>
  <filecontent mimetype="application/octet-stream">bootstrap.min.css</filecontent>
  <iscustomizable>1</iscustomizable>
  <name>bootstrap.min.css</name>
  <powerpagecomponenttype>3</powerpagecomponenttype>
  <powerpagesiteid>
    <powerpagesiteid>7a7af223-c485-4e81-ab63-e7992354648d</powerpagesiteid>
  </powerpagesiteid>
  <statecode>0</statecode>
  <statuscode>1</statuscode>
</powerpagecomponent>