<powerpagecomponent powerpagecomponentid="8677a1f2-a9f8-43b3-9238-644e3daaa7f0">
  <content>{"contentdisposition":756150000,"displayorder":2,"enabletracking":false,"excludefromsearch":true,"hiddenfromsitemap":false,"parentpageid":"e1acc288-92f1-4695-8aa5-7c4dc439f6bb","partialurl":"theme.css","publishingstateid":"1363c145-fb5a-4fe8-aef1-6c9197cb44ed"}</content>
  <filecontent mimetype="application/octet-stream">theme.css</filecontent>
  <iscustomizable>1</iscustomizable>
  <name>theme.css</name>
  <powerpagecomponenttype>3</powerpagecomponenttype>
  <powerpagesiteid>
    <powerpagesiteid>7a7af223-c485-4e81-ab63-e7992354648d</powerpagesiteid>
  </powerpagesiteid>
  <statecode>0</statecode>
  <statuscode>1</statuscode>
</powerpagecomponent>