<powerpagecomponent powerpagecomponentid="1b7e699b-9971-4855-b8fa-155d757f478e">
  <content>{"enabletracking":false,"excludefromsearch":false,"hiddenfromsitemap":false,"parentpageid":"e740e969-cb91-4888-81ed-1a289bc99048","partialurl":"Logo-sm-64.png","publishingstateid":"223b296f-4977-4774-924c-19e26a31cacc"}</content>
  <filecontent mimetype="application/octet-stream">Logo-sm-64.png</filecontent>
  <iscustomizable>1</iscustomizable>
  <name>Logo-sm-64.png</name>
  <powerpagecomponenttype>3</powerpagecomponenttype>
  <powerpagesiteid>
    <powerpagesiteid>8ff28ff6-80b7-4da9-a1f5-bba77dca87e6</powerpagesiteid>
  </powerpagesiteid>
  <statecode>0</statecode>
  <statuscode>1</statuscode>
</powerpagecomponent>