<powerpagecomponent powerpagecomponentid="03ee4014-714d-57df-a73c-15537d84bf68">
  <content>{
  "displayorder": 4,
  "customcss": "",
  "customjavascript": "",
  "pagetemplateid": "d18dd816-9dbb-f011-bbd2-000d3a36bec8",
  "parentpageid": "8834415b-87ed-4c58-87e4-64597db26e99",
  "partialurl": "Form-Html-Components",
  "isroot": true,
  "title": "Form Html Components",
  "summary": "&lt;p&gt;This is a sample landing page designed to be a starting point for your website&lt;/p&gt;",
  "copy": "",
  "publishingstateid": "a259ce53-d63f-4da8-958d-f3581d35dbb5",
  "enablerating": false,
  "enabletracking": false,
  "excludefromsearch": false,
  "hiddenfromsitemap": true,
  "sharedpageconfiguration": false
}</content>
  <iscustomizable>1</iscustomizable>
  <name>Form Html Components</name>
  <powerpagecomponenttype>2</powerpagecomponenttype>
  <powerpagesiteid>
    <powerpagesiteid>5107f9ea-7583-45b0-acff-ca5ebb48b93e</powerpagesiteid>
  </powerpagesiteid>
  <searchcontent>Form Html ComponentsForm Html Components</searchcontent>
  <statecode>0</statecode>
  <statuscode>1</statuscode>
</powerpagecomponent>