<powerpagecomponent powerpagecomponentid="cd368adc-5cb4-1e70-fe62-e46c1af24fa6">
  <content>{
  "powerpagesitelanguageid": "b4348126-7331-4aba-9433-aeec62e6a943",
  "type": 756150000,
  "display_name": "Logo alt text",
  "value": "Contoso Limited"
}</content>
  <iscustomizable>1</iscustomizable>
  <name>Logo alt text</name>
  <powerpagecomponenttype>7</powerpagecomponenttype>
  <powerpagesiteid>
    <powerpagesiteid>8ff28ff6-80b7-4da9-a1f5-bba77dca87e6</powerpagesiteid>
  </powerpagesiteid>
  <powerpagesitelanguageid>
    <powerpagesitelanguageid>b4348126-7331-4aba-9433-aeec62e6a943</powerpagesitelanguageid>
  </powerpagesitelanguageid>
  <statecode>0</statecode>
  <statuscode>1</statuscode>
</powerpagecomponent>