<powerpagecomponent powerpagecomponentid="be1537bf-2491-44fc-9c31-c2f7cb988c83">
  <content>{"description":"Used to group a set of entities under an entry in the record type facet view.","value":"Downloads:annotation,adx_webfile"}</content>
  <iscustomizable>1</iscustomizable>
  <name>Search/RecordTypeFacetsEntities</name>
  <powerpagecomponenttype>9</powerpagecomponenttype>
  <powerpagesiteid>
    <powerpagesiteid>5107f9ea-7583-45b0-acff-ca5ebb48b93e</powerpagesiteid>
  </powerpagesiteid>
  <statecode>0</statecode>
  <statuscode>1</statuscode>
</powerpagecomponent>